lat_x,lon_x,course,speed,timestamp,distance_from_shore,distance_from_port,mmsi,doy,dow,season,year,month,day,hour,sst,precip,speed_expand_mean,course_expand_mean,speed_rolling_mean,course_rolling_mean,speed_rolling_mean_3h,course_rolling_mean_3h,speed_rolling_mean_12h,course_rolling_mean_12h,speed_rolling_mean_1d,course_rolling_mean_1d,speed_rolling_mean_3d,course_rolling_mean_3d,source_crowd_sourced,source_dalhousie_longliner,source_dalhousie_ps,source_dalhousie_trawl,source_false_positives,source_gfw,gear_type_drifting_longlines,gear_type_fixed_gear,gear_type_pole_and_line,gear_type_purse_seines,gear_type_trawlers,gear_type_trollers,hemisphere_ns_north,hemisphere_ns_south,hemisphere_ew_east,hemisphere_ew_west
0.770024202413029,0.15329626634802057,0.0,0.0,2.1602889068262545,0.0005796135985269965,0.0004360504039229461,-0.0044722563314607095,0.26027397260273977,0.16666666666666666,0.25,2.25,0.2727272727272727,0.16666666666666669,0.043478260869565216,0.04788045166209211,0.08443054013527077,0.0,0.0,0.048719549971512933,0.1980430528375735,0.0,0.0,0.0,0.0,0.0,0.0,0.0,0.0,0.0,0.0,0.0,0.0,0.0,0.0,0.0,0.0,0.0,0.0,1.0,0.0,1.0,0.0,0.0,1.0
0.7625515422781168,0.15069564289152954,0.45596868884540115,0.08113391742322103,2.1604796110367364,0.0009121730332320265,0.0007135645990354482,-0.0044722563314607095,0.26027397260273977,0.16666666666666666,0.25,2.25,0.2727272727272727,0.16666666666666669,0.34782608695652173,0.2935727355901189,0.010594077759483497,0.28819445207959615,0.3118785390114354,0.048719549971512933,0.1980430528375735,0.13638636757360686,0.4559686888453976,0.09016838617267331,0.2771170313986668,0.19446849599626106,0.30246646473388084,0.2530487863742748,0.3118785390114354,0.0,0.0,0.0,0.0,0.0,0.0,0.0,0.0,0.0,0.0,1.0,0.0,1.0,0.0,0.0,1.0
0.7624121342018061,0.15066730881840817,0.2328767123287671,0.00782013661910564,2.160542144277848,0.0009111217389178905,0.0007132175047545739,-0.0044722563314607095,0.26027397260273977,0.16666666666666666,0.25,2.25,0.2727272727272727,0.16666666666666669,0.43478260869565216,0.2935727355901189,0.010594077759483497,0.2106481537057133,0.3141094297591914,0.048719549971512933,0.1980430528375735,0.07476602077830255,0.34442270058708147,0.06590620996635814,0.2790992704567067,0.142141631596105,0.30463003020337454,0.1849593538757311,0.3141094297591914,0.0,0.0,0.0,0.0,0.0,0.0,0.0,0.0,0.0,0.0,1.0,0.0,1.0,0.0,0.0,1.0
0.7623724803489889,0.15071897683410007,0.1917808219178082,0.04887585386941025,2.160553231731944,0.0009111217389178905,0.0007127538432900029,-0.0044722563314607095,0.26027397260273977,0.16666666666666666,0.25,2.25,0.2727272727272727,0.16666666666666669,0.43478260869565216,0.2935727355901189,0.010594077759483497,0.24479167315194608,0.3011702629938754,0.048719549971512933,0.1980430528375735,0.07723083465011474,0.2935420743639899,0.07658880994184901,0.26760228353948506,0.1651810719004386,0.2920813500649064,0.21493902939019727,0.3011702629938754,0.0,0.0,0.0,0.0,0.0,0.0,0.0,0.0,0.0,0.0,1.0,0.0,1.0,0.0,0.0,1.0
0.7625495286059034,0.1507334216556913,0.1095890410958904,0.09090908819710307,2.1605576667135846,0.0009121730332320265,0.0007134486675106935,-0.0044722563314607095,0.26027397260273977,0.16666666666666666,0.25,2.25,0.2727272727272727,0.16666666666666669,0.4782608695652174,0.2935727355901189,0.010594077759483497,0.3250000086102433,0.27091938324426834,0.048719549971512933,0.1980430528375735,0.09612774100067471,0.2475538160469648,0.1016838668164123,0.2407231208372968,0.21930423162951845,0.26274340112505357,0.2853658602967725,0.27091938324426834,0.0,0.0,0.0,0.0,0.0,0.0,0.0,0.0,0.0,0.0,1.0,0.0,1.0,0.0,0.0,1.0
0.7627076018746536,0.1508012012031581,0.1898238747553816,0.04789833679202205,2.1605621016952234,0.0009128738961081172,0.000713564980587187,-0.0044722563314607095,0.26027397260273977,0.16666666666666666,0.25,2.25,0.2727272727272727,0.16666666666666669,0.4782608695652174,0.2935727355901189,0.010594077759483497,0.32754630499714693,0.2690454349411953,0.05892150701682975,0.23600782778864984,0.08216046239373907,0.18101761252446041,0.10248053529586311,0.23905803996194,0.22102242719209336,0.26092600605798305,0.2876016327268303,0.2690454349411953,0.0,0.0,0.0,0.0,0.0,0.0,0.0,0.0,0.0,0.0,1.0,0.0,1.0,0.0,0.0,1.0
0.7626207041737532,0.15079453436242368,0.4344422700587084,0.0391006830955282,2.1605665366768623,0.0009125234646700719,0.0007133331180589233,-0.0044722563314607095,0.26027397260273977,0.16666666666666666,0.25,2.25,0.2727272727272727,0.16666666666666669,0.4782608695652174,0.2935727355901189,0.010594077759483497,0.3204365164060092,0.31551170420355334,0.04996876920155173,0.2317025440313113,0.07887404389798951,0.23170254403130935,0.10025607136650641,0.28034524952426143,0.21622486816834063,0.305989985893552,0.2813588915450251,0.31551170420355334,0.0,0.0,0.0,0.0,0.0,0.0,0.0,0.0,0.0,0.0,1.0,0.0,1.0,0.0,0.0,1.0
0.7624112048146306,0.15065897526749011,0.5009784735812133,0.0391006830955282,2.160586494094238,0.0009111217389178905,0.0007132175047545739,-0.0044722563314607095,0.26027397260273977,0.16666666666666666,0.25,2.25,0.2727272727272727,0.16666666666666669,0.5217391304347826,0.2935727355901189,0.010594077759483497,0.3151041750147391,0.3617389492181992,0.05663127176175863,0.2853228962818006,0.07668309823963383,0.27658186555772785,0.09858772343578436,0.3214200761179815,0.21262669893567093,0.35082215491129315,0.2766768357044028,0.3617389492181992,0.0,0.0,0.0,0.0,0.0,0.0,0.0,0.0,0.0,0.0,1.0,0.0,1.0,0.0,0.0,1.0
0.7623724803489889,0.15047369265207894,0.5440313111545988,0.0,2.160611773489581,0.0009104208760417998,0.0007138004702025749,-0.0044722563314607095,0.26027397260273977,0.16666666666666666,0.25,2.25,0.2727272727272727,0.16666666666666669,0.5652173913043478,0.2935727355901189,0.010594077759483497,0.2800925999899533,0.4042374196628905,0.046221111511435355,0.35577299412915875,0.06572836991499126,0.314788929354205,0.09858772343578436,0.4040794481446225,0.18900151014942088,0.3920380787537855,0.2459349650502551,0.4042374196628905,0.0,0.0,0.0,0.0,0.0,0.0,0.0,0.0,0.0,0.0,1.0,0.0,1.0,0.0,0.0,1.0
0.7623880475841769,0.15044258072865158,0.538160469667319,0.04203323432769281,2.1606219739473502,0.0009107713074798452,0.0007141480096271445,-0.0044722563314607095,0.26027397260273977,0.16666666666666666,0.25,2.25,0.2727272727272727,0.16666666666666669,0.5652173913043478,0.2935727355901189,0.010594077759483497,0.28194445191401446,0.43743307531732656,0.03581095126111208,0.4414872798434445,0.07394441615436517,0.35840089452054513,0.09801436354806875,0.4318638334919106,0.1902511069264626,0.4242319342276063,0.2475609813685676,0.43743307531732656,0.0,0.0,0.0,0.0,0.0,0.0,0.0,0.0,0.0,0.0,1.0,0.0,1.0,0.0,0.0,1.0
0.762546120852927,0.1504292470471827,0.6751467710371819,0.0782013661910564,2.160626408928991,0.0009114721703559358,0.0007147265210319646,-0.0044722563314607095,0.26027397260273977,0.16666666666666666,0.25,2.25,0.2727272727272727,0.16666666666666669,0.5652173913043478,0.2935727355901189,0.010594077759483497,0.3068181899341069,0.4816290508563736,0.042265250616312505,0.5385518590998046,0.08113345661381734,0.3979941291585096,0.10559478477088971,0.4707421503330142,0.2070354634179485,0.4670941347468619,0.26940133663271976,0.4816290508563736,0.0,0.0,0.0,0.0,0.0,0.0,0.0,0.0,0.0,0.0,1.0,0.0,1.0,0.0,0.0,1.0
0.7627890007014327,0.1503759123213072,0.5890410958904109,0.08406646865538563,2.1606326179032855,0.0009125234646700719,0.0007156524444168184,-0.0044722563314607095,0.26027397260273977,0.16666666666666666,0.25,2.25,0.2727272727272727,0.16666666666666669,0.5652173913043478,0.2935727355901189,0.010594077759483497,0.33101852731135895,0.5086431108341006,0.05184259804660993,0.5694716242661452,0.08782040535133794,0.41922156986301046,0.11298207424045813,0.4930369345861064,0.22336542111975916,0.4932929467762864,0.2906504132855565,0.5086431108341006,0.0,0.0,0.0,0.0,0.0,0.0,0.0,0.0,0.0,0.0,1.0,0.0,1.0,0.0,0.0,1.0
0.7628479393381398,0.1502414643664961,0.48336594911937375,0.08602150281016205,2.1606388268775802,0.0009125234646700719,0.0007161183967555593,-0.0044722563314607095,0.26027397260273977,0.16666666666666666,0.25,2.25,0.2727272727272727,0.16666666666666669,0.6086956521739131,0.2935727355901189,0.010594077759483497,0.3525641119099451,0.5203810288176117,0.06183635188692027,0.5659491193737772,0.08750089244933211,0.49437377690801965,0.11950027083125378,0.50091182992388,0.23790399881274693,0.5046766302033742,0.3095684875061202,0.5203810288176117,0.0,0.0,0.0,0.0,0.0,0.0,0.0,0.0,0.0,0.0,1.0,0.0,1.0,0.0,0.0,1.0
0.7626789457700786,0.15030507713850388,0.26614481409001955,0.10263929312576153,2.160643261859219,0.0009118226017939811,0.0007154235722742458,-0.0044722563314607095,0.26027397260273977,0.16666666666666666,0.25,2.25,0.2727272727272727,0.16666666666666669,0.6086956521739131,0.2935727355901189,0.010594077759483497,0.37946429574761315,0.5092167684396546,0.08369768841259914,0.5103718199608613,0.09900335718445559,0.5039138943248493,0.1278569331355023,0.4872648758325384,0.2560557649386591,0.49384929216789164,0.3331881610433705,0.5092167684396546,0.0,0.0,0.0,0.0,0.0,0.0,0.0,0.0,0.0,0.0,1.0,0.0,1.0,0.0,0.0,1.0
0.762295031417705,0.15059869591584962,0.18199608610567514,0.06842619541717435,2.1606570103023,0.0009104208760417998,0.0007129871692151339,-0.0044722563314607095,0.26027397260273977,0.16666666666666666,0.25,2.25,0.2727272727272727,0.16666666666666669,0.6086956521739131,0.2935727355901189,0.010594077759483497,0.386574084338751,0.49186681165068763,0.08931917494777372,0.4391389432485326,0.10516539186398602,0.47235812133072036,0.12958795602508688,0.4682615197430999,0.2608533239624119,0.4770229337083504,0.33943090222517575,0.49186681165068763,0.0,0.0,0.0,0.0,0.0,0.0,0.0,0.0,0.0,0.0,1.0,0.0,1.0,0.0,0.0,1.0
0.7625235832139234,0.150524527312679,0.6340508806262231,0.13000977129263128,2.160661888782103,0.0009114721703559358,0.0007140299149333787,-0.0044722563314607095,0.26027397260273977,0.16666666666666666,0.25,2.25,0.2727272727272727,0.16666666666666669,0.6521739130434783,0.2935727355901189,0.010594077759483497,0.42013890001965215,0.5153357833450757,0.10035394481311641,0.43091976516634073,0.11776332943650338,0.49032398356164,0.14021365110142867,0.488423723358704,0.2835022652475613,0.4997836434443954,0.3689024476058705,0.5153357833450757,0.0,0.0,0.0,0.0,0.0,0.0,0.0,0.0,0.0,0.0,1.0,0.0,1.0,0.0,0.0,1.0
0.7631307053862566,0.15029396573727977,0.5655577299412915,0.07233626372672718,2.160674750228857,0.0009142756218602986,0.0007168093397819227,-0.0044722563314607095,0.26027397260273977,0.16666666666666666,0.25,2.25,0.2727272727272727,0.16666666666666669,0.6521739130434783,0.2935727355901189,0.010594077759483497,0.42565360606853136,0.5305320868426667,0.09785550635303882,0.4262230919765169,0.12397100880458313,0.4974994563600744,0.14149918432518913,0.5008622740247363,0.2872234909111658,0.5145213429684109,0.37374462851119317,0.5305320868426667,0.0,0.0,0.0,0.0,0.0,0.0,0.0,0.0,0.0,0.0,1.0,0.0,1.0,0.0,0.0,1.0
0.763343999743012,0.15032952222119678,0.6555772994129159,0.09188660527449127,2.160681846199479,0.0009153269161744345,0.0007173867057496577,-0.0044722563314607095,0.26027397260273977,0.16666666666666666,0.25,2.25,0.2727272727272727,0.16666666666666669,0.6521739130434783,0.2935727355901189,0.010594077759483497,0.43827161654170993,0.5508813107406334,0.0991047255830776,0.46066536203522535,0.12702007486072062,0.513307240704497,0.14518963386173186,0.5182739127021863,0.2957379001979427,0.5342564546949363,0.3848238571835545,0.5508813107406334,0.0,0.0,0.0,0.0,0.0,0.0,0.0,0.0,0.0,0.0,1.0,0.0,1.0,0.0,0.0,1.0
0.7635315810545813,0.15022785289999663,0.023483365949119372,0.10654936143531435,2.1606871681774464,0.0009160277790505253,0.0007183133291672783,-0.0044722563314607095,0.26027397260273977,0.16666666666666666,0.25,2.25,0.2727272727272727,0.16666666666666669,0.6956521739130435,0.2935727355901189,0.010594077759483497,0.4550438717082804,0.5235783379957628,0.09993753840310346,0.4121330724070453,0.13175550514479029,0.46877779745596504,0.15028064362836463,0.49106670884871345,0.30705551999656266,0.5077774488965806,0.39955071533101155,0.5235783379957628,0.0,0.0,0.0,0.0,0.0,0.0,0.0,0.0,0.0,0.0,1.0,0.0,1.0,0.0,0.0,1.0
0.7635631802185451,0.15030229928819783,0.33072407045009783,0.04594330263724564,2.160693820649904,0.0009163782104885706,0.0007181965070945103,-0.0044722563314607095,0.26027397260273977,0.16666666666666666,0.25,2.25,0.2727272727272727,0.16666666666666669,0.6956521739130435,0.2935727355901189,0.010594077759483497,0.44861112299619055,0.5200206541027581,0.09514886468795476,0.44187866927592984,0.13877649010850104,0.44938623013698276,0.14774578939136832,0.4863788872502358,0.3027148154544208,0.5043271311120717,0.39390244818742537,0.5200206541027581,0.0,0.0,0.0,0.0,0.0,0.0,0.0,0.0,0.0,0.0,1.0,0.0,1.0,0.0,0.0,1.0
0.7632115620705169,0.1503161885397279,0.3131115459882583,0.0,2.160714221565444,0.0009146260532983439,0.0007170404389460858,-0.0044722563314607095,0.26027397260273977,0.16666666666666666,0.25,2.25,0.2727272727272727,0.16666666666666669,0.7391304347826086,0.2935727355901189,0.010594077759483497,0.42724868854134557,0.5156544819850827,0.06745783842209484,0.37769080234833685,0.13145673982998252,0.38377908238747255,0.14035849992179988,0.4810894386298743,0.28829982422445416,0.500092724188662,0.3751451887267001,0.5156544819850827,0.0,0.0,0.0,0.0,0.0,0.0,0.0,0.0,0.0,0.0,1.0,0.0,1.0,0.0,0.0,1.0
0.763165712303197,0.15032452209064595,0.33268101761252444,0.035190614785975384,2.1607213175360673,0.0009146260532983439,0.0007169242530535054,-0.0044722563314607095,0.26027397260273977,0.16666666666666666,0.25,2.25,0.2727272727272727,0.16666666666666669,0.7391304347826086,0.2935727355901189,0.010594077759483497,0.4191919302723418,0.5129020842745127,0.059546116631849146,0.33111545988258334,0.12196264194972109,0.3670363123287642,0.13739944560059308,0.4774364550428143,0.28286326688661245,0.4974233901341401,0.3680709619767722,0.5129020842745127,0.0,0.0,0.0,0.0,0.0,0.0,0.0,0.0,0.0,0.0,1.0,0.0,1.0,0.0,0.0,1.0
0.763116067538244,0.15030535492353442,0.557729941291585,0.10850439559009076,2.1607261960158706,0.0009142756218602986,0.0007168093397819227,-0.0044722563314607095,0.26027397260273977,0.16666666666666666,0.25,2.25,0.2727272727272727,0.16666666666666669,0.7391304347826086,0.2935727355901189,0.010594077759483497,0.4344806878301655,0.5237743703892128,0.06308557111695906,0.3115459882583172,0.12305811478711498,0.39943465968688535,0.14211643779220182,0.48654960632730526,0.2931798488557209,0.5079675652964075,0.38149523686222103,0.5237743703892128,0.0,0.0,0.0,0.0,0.0,0.0,0.0,0.0,0.0,0.0,1.0,0.0,1.0,0.0,0.0,1.0
0.7634309748928438,0.14983006473617533,0.48336594911937375,0.0977517077388205,2.16074216194977,0.0009149764847363892,0.0007197136037203379,-0.0044722563314607095,0.26027397260273977,0.16666666666666666,0.25,2.25,0.2727272727272727,0.16666666666666669,0.7826086956521738,0.25461266849649283,0.0219549366490233,0.44531251179768916,0.5295019402492083,0.06121174227190087,0.40352250489236813,0.11728406006706253,0.4077788649706426,0.14538412396369926,0.4909403051855355,0.3004889712231383,0.5135222848117688,0.39100610665663543,0.5295019402492083,0.0,0.0,0.0,0.0,0.0,0.0,0.0,0.0,0.0,0.0,1.0,0.0,1.0,0.0,0.0,1.0
0.7633996080756739,0.14972617313473036,0.6634050880626223,0.0997067418935969,2.1607465969314106,0.0009146260532983439,0.0007201815287128434,-0.0044722563314607095,0.26027397260273977,0.16666666666666666,0.25,2.25,0.2727272727272727,0.16666666666666669,0.7826086956521738,0.25461266849649283,0.0219549366490233,0.45583334540975157,0.5446229182531023,0.07266291854725648,0.47005870841487307,0.12287553598362133,0.4361817786692725,0.14856056396521777,0.5040834127021863,0.3075882428239657,0.5281869320640405,0.40024391174957585,0.5446229182531023,0.0,0.0,0.0,0.0,0.0,0.0,0.0,0.0,0.0,0.0,1.0,0.0,1.0,0.0,0.0,1.0
0.7643664030848889,0.14951116752104482,0.03522504892367906,0.1153470151318082,2.1607656673524573,0.0009191816619929334,0.000723877396271648,-0.0044722563314607095,0.26027397260273977,0.16666666666666666,0.25,2.25,0.2727272727272727,0.16666666666666669,0.7826086956521738,0.25461266849649283,0.0219549366490233,0.4698183884885914,0.5255292383796601,0.0972308967380194,0.41448140900195724,0.1279649201782486,0.34246575342465485,0.15287343737612757,0.4856327307326335,0.31702510142537194,0.5096694737343131,0.4125234617303471,0.5255292383796601,0.0,0.0,0.0,0.0,0.0,0.0,0.0,0.0,0.0,0.0,1.0,0.0,1.0,0.0,0.0,1.0
0.7646245403728575,0.14950116725994317,0.6340508806262231,0.11241446389964357,2.160770989330425,0.0009202329563070693,0.0007245677028572009,-0.0044722563314607095,0.26027397260273977,0.16666666666666666,0.25,2.25,0.2727272727272727,0.16666666666666669,0.8260869565217391,0.25461266849649283,0.0219549366490233,0.4819958975612108,0.5381900204871063,0.11367894993353019,0.47475538160469694,0.1291973271141547,0.4187866927592922,0.15660385143169903,0.4965966479543272,0.3252422681933119,0.5219481704889648,0.4232159086863939,0.5381900204871063,0.0,0.0,0.0,0.0,0.0,0.0,0.0,0.0,0.0,0.0,1.0,0.0,1.0,0.0,0.0,1.0
0.7649072289720431,0.1494186651058545,0.019569471624266144,0.0987292248162087,2.1607767548065553,0.0009216346820592507,0.0007258380480970204,-0.0044722563314607095,0.26027397260273977,0.16666666666666666,0.25,2.25,0.2727272727272727,0.16666666666666669,0.8260869565217391,0.25461266849649283,0.0219549366490233,0.48983136221324064,0.5199250444572147,0.11159691788346554,0.3671232876712331,0.14028898953730945,0.37989236790606357,0.15893133663144865,0.4790851745956212,0.33052950053007896,0.5042344068368662,0.43009582884643593,0.5199250444572147,0.0,0.0,0.0,0.0,0.0,0.0,0.0,0.0,0.0,0.0,1.0,0.0,1.0,0.0,0.0,1.0
0.7650994572194895,0.14944394354363927,0.598825831702544,0.0987292248162087,2.1607816332863585,0.0009230364078114321,0.0007264123598264852,-0.0044722563314607095,0.26027397260273977,0.16666666666666666,0.25,2.25,0.2727272727272727,0.16666666666666669,0.8260869565217391,0.25461266849649283,0.0219549366490233,0.4971264499759543,0.5302442882716429,0.111805121088472,0.3902152641878672,0.14314178336859965,0.4042183084148696,0.16109257288059925,0.4879706401046601,0.3354520961426546,0.514242229770661,0.43650127173934306,0.5302442882716429,0.0,0.0,0.0,0.0,0.0,0.0,0.0,0.0,0.0,0.0,1.0,0.0,1.0,0.0,0.0,1.0
0.765302683215178,0.14943672113284362,0.0136986301369863,0.0977517077388205,2.1607860682679974,0.0009237372706875228,0.0007268730947579444,-0.0044722563314607095,0.26027397260273977,0.16666666666666666,0.25,2.25,0.2727272727272727,0.16666666666666669,0.8260869565217391,0.25461266849649283,0.0219549366490233,0.5037037170252061,0.5131941281415636,0.11138871467845907,0.2602739726027399,0.14525969751213066,0.3651663405088034,0.1630298365727826,0.47171823215984576,0.3398903190910981,0.4977066205106005,0.4422764330322225,0.5131941281415636,0.0,0.0,0.0,0.0,0.0,0.0,0.0,0.0,0.0,0.0,1.0,0.0,1.0,0.0,0.0,1.0
0.7655374309258991,0.1494475547490371,0.659491193737769,0.0997067418935969,2.1607909467478006,0.0009247885650016588,0.0007275644831886258,-0.0044722563314607095,0.26027397260273977,0.16666666666666666,0.25,2.25,0.2727272727272727,0.16666666666666669,0.8260869565217391,0.25461266849649283,0.0219549366490233,0.5103046730334191,0.5257418097054193,0.10805746339835563,0.38512720156555796,0.1472913016791148,0.3919231454011711,0.16498279814645217,0.48271487464319496,0.34434452692817374,0.5098756299437464,0.44807239438656155,0.5257418097054193,0.0,0.0,0.0,0.0,0.0,0.0,0.0,0.0,0.0,0.0,1.0,0.0,1.0,0.0,0.0,1.0
0.7655866109972642,0.14933477402661288,0.5420743639921721,0.08797653696493846,2.1607953817294394,0.0009251389964397042,0.0007282593074093164,-0.0044722563314607095,0.26027397260273977,0.16666666666666666,0.25,2.25,0.2727272727272727,0.16666666666666669,0.8695652173913043,0.25461266849649283,0.0219549366490233,0.5138889025033763,0.5324857566544491,0.10285238327319399,0.3667318982387478,0.16073574097692084,0.41273794696672866,0.16596870458233076,0.48839814605137755,0.3467631012945378,0.5164160536564247,0.45121952269147797,0.5324857566544491,0.0,0.0,0.0,0.0,0.0,0.0,0.0,0.0,0.0,0.0,1.0,0.0,1.0,0.0,0.0,1.0
0.7657119233680814,0.14927810588037016,0.6986301369863013,0.0997067418935969,2.1607975992202597,0.0009254894278777496,0.0007287219511419611,-0.0044722563314607095,0.26027397260273977,0.16666666666666666,0.25,2.25,0.2727272727272727,0.16666666666666669,0.8695652173913043,0.25461266849649283,0.0219549366490233,0.5197811585622578,0.5453108438720397,0.10306058647820045,0.5025440313111549,0.16130837450518506,0.4365622960861023,0.16770776645068003,0.4996729305423385,0.3507390909970706,0.5288540970142784,0.45639321092158536,0.5453108438720397,0.0,0.0,0.0,0.0,0.0,0.0,0.0,0.0,0.0,0.0,1.0,0.0,1.0,0.0,0.0,1.0
0.765758779971508,0.1492800503755844,0.009784735812133072,0.10068425897098512,2.1607998167110782,0.0009258398593157949,0.0007289522230894445,-0.0044722563314607095,0.26027397260273977,0.16666666666666666,0.25,2.25,0.2727272727272727,0.16666666666666669,0.8695652173913043,0.25461266849649283,0.0219549366490233,0.5255310596868125,0.5296659763139178,0.10347699288821337,0.3847358121330726,0.16191931127388146,0.40373325303326496,0.16906572407376244,0.48272478591817114,0.35461902211909835,0.5136813704889648,0.4614419045756144,0.5296659763139178,0.0,0.0,0.0,0.0,0.0,0.0,0.0,0.0,0.0,0.0,1.0,0.0,1.0,0.0,0.0,1.0
0.7660999425138129,0.14925560529289145,0.6262230919765166,0.10068425897098512,2.1608069126817018,0.0009272415850679763,0.0007299896875478284,-0.0044722563314607095,0.26027397260273977,0.16666666666666666,0.25,2.25,0.2727272727272727,0.16666666666666669,0.8695652173913043,0.25461266849649283,0.0219549366490233,0.5309523950387737,0.5390087219977358,0.10410160250323278,0.5072407045009788,0.1693874865803184,0.41536203522504567,0.17072407839238074,0.4911628175547077,0.35827724289531254,0.5227421646906091,0.46620210145463975,0.5390087219977358,0.0,0.0,0.0,0.0,0.0,0.0,0.0,0.0,0.0,0.0,1.0,0.0,1.0,0.0,0.0,1.0
0.7661416874877749,0.14925616086295268,0.3405088062622309,0.0391006830955282,2.1608140086523235,0.0009275920165060216,0.0007302201502711812,-0.0044722563314607095,0.26027397260273977,0.16666666666666666,0.25,2.25,0.2727272727272727,0.16666666666666669,0.8695652173913043,0.25461266849649283,0.0219549366490233,0.5239197669357911,0.5369754243746593,0.0911930037928319,0.4434442270058711,0.16141370842458952,0.40960409452054475,0.16825893748465306,0.48889013273073056,0.353531750398079,0.5207702292514054,0.46002711094514226,0.5369754243746593,0.0,0.0,0.0,0.0,0.0,0.0,0.0,0.0,0.0,0.0,1.0,0.0,1.0,0.0,0.0,1.0
0.7656003969070326,0.14929393962711446,0.273972602739726,0.00782013661910564,2.160851262498092,0.0009251389964397042,0.000728375493301897,-0.0044722563314607095,0.26027397260273977,0.16666666666666666,0.25,2.25,0.2727272727272727,0.16666666666666669,0.9565217391304348,0.25461266849649283,0.0219549366490233,0.5112612747948735,0.5325920253179405,0.07412034098230173,0.3898238747553818,0.13967278606935643,0.3782778864970616,0.16394816378041105,0.4844365911037087,0.3449900248011378,0.5165191152747718,0.44891233739390535,0.5325920253179405,0.0,0.0,0.0,0.0,0.0,0.0,0.0,0.0,0.0,0.0,1.0,0.0,1.0,0.0,0.0,1.0
0.7655420004128448,0.14931171786907294,0.32289628180039137,0.037145648940751785,2.1608588019668797,0.0009244381335636135,0.0007281452213544136,-0.0044722563314607095,0.26027397260273977,0.16666666666666666,0.25,2.25,0.2727272727272727,0.16666666666666669,0.9565217391304348,0.25461266849649283,0.0219549366490233,0.5047514753862978,0.5302005612942321,0.06079533586188794,0.31467710371819985,0.1293205678077453,0.40861056751467395,0.16168748766225705,0.48188233420551657,0.34059732781794455,0.5141998224145381,0.4431964159804526,0.5302005612942321,0.0,0.0,0.0,0.0,0.0,0.0,0.0,0.0,0.0,0.0,1.0,0.0,1.0,0.0,0.0,1.0
0.7655238773629245,0.14929671747742046,0.6281800391389432,0.09090908819710307,2.1608632369485186,0.0009244381335636135,0.0007281452213544136,-0.0044722563314607095,0.26027397260273977,0.16666666666666666,0.25,2.25,0.2727272727272727,0.16666666666666669,0.9565217391304348,0.25461266849649283,0.0219549366490233,0.508368959371025,0.538640012228537,0.058713303811823284,0.4383561643835619,0.1280060004094455,0.41154598825831384,0.1668175497914876,0.49522941103710544,0.3430383417400521,0.5223845820856762,0.4463727433714142,0.538640012228537,0.0,0.0,0.0,0.0,0.0,0.0,0.0,0.0,0.0,0.0,1.0,0.0,1.0,0.0,0.0,1.0
0.7665188637831266,0.14892198547113905,0.24853228962818003,0.004887585386941025,2.1609337531565807,0.000928993742258203,0.000732763894728468,-0.0044722563314607095,0.263013698630137,0.3333333333333333,0.25,2.25,0.2727272727272727,0.2,0.043478260869565216,0.25461266849649283,0.0219549366490233,0.4965277909323162,0.5336737060251472,0.03830938972118966,0.36281800391389457,0.07449215256484606,0.39986953679060355,0.17501007406310307,0.5075811056136992,0.3436391093753634,0.5308391306793585,0.43597561989784694,0.5336737060251472,0.0,0.0,0.0,0.0,0.0,0.0,0.0,0.0,0.0,0.0,1.0,0.0,1.0,0.0,0.0,1.0
0.7664877293127506,0.14894865283407682,0.2720156555772994,0.035190614785975384,2.160942179621694,0.0009286433108201576,0.0007324176915168526,-0.0044722563314607095,0.263013698630137,0.3333333333333333,0.25,2.25,0.2727272727272727,0.2,0.043478260869565216,0.25461266849649283,0.0219549366490233,0.49051491813412795,0.5297331910916525,0.0374765769011638,0.34911937377690827,0.07339667974388427,0.3829093281800361,0.17451945711891317,0.4971455756422434,0.33926552072600724,0.5265902206836857,0.4306960242872271,0.5297331910916525,0.0,0.0,0.0,0.0,0.0,0.0,0.0,0.0,0.0,0.0,1.0,0.0,1.0,0.0,0.0,1.0
0.766448540153521,0.148946430553832,0.5420743639921721,0.08406646865538563,2.1609457276070057,0.0009286433108201576,0.0007324176915168526,-0.0044722563314607095,0.263013698630137,0.3333333333333333,0.25,2.25,0.2727272727272727,0.2,0.043478260869565216,0.25461266849649283,0.0219549366490233,0.4930555686181042,0.5347764035979867,0.05371642689166811,0.40273972602739755,0.06956252482122172,0.3542074363992145,0.17493998591580315,0.4919278106565155,0.3408198971990518,0.5312872686282984,0.43292683933912074,0.5347764035979867,0.0,0.0,0.0,0.0,0.0,0.0,0.0,0.0,0.0,0.0,1.0,0.0,1.0,0.0,0.0,1.0
0.766448540153521,0.14891809648071064,0.49706457925636005,0.08797653696493846,2.160947058101497,0.0009286433108201576,0.0007325339410013896,-0.0044722563314607095,0.263013698630137,0.3333333333333333,0.25,2.25,0.2727272727272727,0.2,0.043478260869565216,0.25461266849649283,0.0219549366490233,0.49612404418550865,0.538153127263743,0.06454299355200432,0.43757338551859126,0.08914410169720689,0.3899217221134999,0.17558392066455814,0.49543589438629665,0.34274654026229356,0.5343388761575066,0.43562111056033204,0.538153127263743,0.0,0.0,0.0,0.0,0.0,0.0,0.0,0.0,0.0,0.0,1.0,0.0,1.0,0.0,0.0,1.0
0.7664256927187922,0.14880753803853125,0.6301369863013698,0.09286412235187948,2.1609519365813004,0.0009286433108201576,0.0007329994476751895,-0.0044722563314607095,0.263013698630137,0.3333333333333333,0.25,2.25,0.2727272727272727,0.2,0.043478260869565216,0.25461266849649283,0.0219549366490233,0.49984218497845795,0.5455136521948467,0.06495939996201726,0.4379647749510766,0.10253625706738637,0.43796477495107294,0.1761950015949452,0.49699690770694366,0.34512845436499,0.541354291389008,0.4388858195387153,0.5455136521948467,0.0,0.0,0.0,0.0,0.0,0.0,0.0,0.0,0.0,0.0,1.0,0.0,1.0,0.0,0.0,1.0
0.7664612417782515,0.14846891808622809,0.025440313111545987,0.0977517077388205,2.1609723374968404,0.0009279424479440669,0.0007344006132975081,-0.0044722563314607095,0.263013698630137,0.3333333333333333,0.25,2.25,0.2727272727272727,0.2,0.08695652173913043,0.25461266849649283,0.0219549366490233,0.5041666800235826,0.5341645019200497,0.08473870443763148,0.39334637964774977,0.11283370169287903,0.3692106980430499,0.17536051473442052,0.4846382861560398,0.34793459825837064,0.5298178670705312,0.4426829371270446,0.5341645019200497,0.0,0.0,0.0,0.0,0.0,0.0,0.0,0.0,0.0,0.0,1.0,0.0,1.0,0.0,0.0,1.0
0.7672776309629136,0.14852253059713416,0.649706457925636,0.10166177604837333,2.160978546471135,0.0009324980566386564,0.0007366892070180761,-0.0044722563314607095,0.263013698630137,0.3333333333333333,0.25,2.25,0.2727272727272727,0.2,0.08695652173913043,0.25461266849649283,0.0219549366490233,0.5089070183436131,0.5418736848380955,0.09889652237807114,0.4688845401174171,0.12112799597915586,0.4092815207436367,0.17774351132979743,0.5029771952901977,0.3510325568908555,0.537198903764603,0.44684518539459933,0.5418736848380955,0.0,0.0,0.0,0.0,0.0,0.0,0.0,0.0,0.0,0.0,1.0,0.0,1.0,0.0,0.0,1.0
0.767592460868582,0.14846780694610567,0.22504892367906065,0.04887585386941025,2.160985198943594,0.0009338997823908377,0.0007378400577592188,-0.0044722563314607095,0.263013698630137,0.3333333333333333,0.25,2.25,0.2727272727272727,0.2,0.13043478260869565,0.25461266849649283,0.0219549366490233,0.5054669164469188,0.5368947326961426,0.09140120699783837,0.40547945205479474,0.1162570542871408,0.38625244618395,0.17192619610336396,0.4869402411988562,0.34849487942721075,0.5320113634790125,0.4438246081292121,0.5368947326961426,0.0,0.0,0.0,0.0,0.0,0.0,0.0,0.0,0.0,0.0,1.0,0.0,1.0,0.0,0.0,1.0
0.7678192313393808,0.14849669658928816,0.3405088062622309,0.0391006830955282,2.160989633925233,0.0009349510767049738,0.0007384130332757292,-0.0044722563314607095,0.263013698630137,0.3333333333333333,0.25,2.25,0.2727272727272727,0.2,0.13043478260869565,0.25461266849649283,0.0219549366490233,0.5007233929184706,0.5354138008780007,0.0809910467475151,0.3741682974559689,0.11064275601809125,0.3811698195694687,0.1692694177172248,0.4846574690770674,0.3450681695061102,0.5303037276503667,0.4396595630932997,0.5354138008780007,0.0,0.0,0.0,0.0,0.0,0.0,0.0,0.0,0.0,0.0,1.0,0.0,1.0,0.0,0.0,1.0
0.7676261511536904,0.14850614128032863,0.2465753424657534,0.0,2.161001608375658,0.0009338997823908377,0.0007377238718666383,-0.0044722563314607095,0.263013698630137,0.3333333333333333,0.25,2.25,0.2727272727272727,0.2,0.13043478260869565,0.25461266849649283,0.0219549366490233,0.4905045481338532,0.531370880291588,0.06121174227190087,0.2974559686888456,0.09957848042121174,0.367710371819958,0.16295491476989152,0.46207912583253846,0.3378792493344249,0.526070964950237,0.4306869189211616,0.531370880291588,0.0,0.0,0.0,0.0,0.0,0.0,0.0,0.0,0.0,0.0,1.0,0.0,1.0,0.0,0.0,1.0
0.7675366201891263,0.14851364147615487,0.3542074363992172,0.0576735075659041,2.1610122523315916,0.0009335493509527924,0.0007374942360993423,-0.0044722563314607095,0.263013698630137,0.3333333333333333,0.25,2.25,0.2727272727272727,0.2,0.17391304347826086,0.25461266849649283,0.0219549366490233,0.48888890184104977,0.5304344525298352,0.05267541086663578,0.36320939334637986,0.0993394681595063,0.36648283228962536,0.1594505079915351,0.47504680637487906,0.3366260663240176,0.5249251583729977,0.4292683026686493,0.5304344525298352,0.0,0.0,0.0,0.0,0.0,0.0,0.0,0.0,0.0,0.0,1.0,0.0,1.0,0.0,0.0,1.0
0.7676971718236776,0.14844780642390237,0.639921722113503,0.11045942974486718,2.1610166873132304,0.0009342502138288831,0.000738185815566516,-0.0044722563314607095,0.263013698630137,0.3333333333333333,0.25,2.25,0.2727272727272727,0.2,0.17391304347826086,0.25461266849649283,0.0219549366490233,0.494689555605838,0.5371985136368296,0.054549239711693974,0.36125244618395325,0.11547279532344636,0.4020636898238716,0.16407632493114374,0.4871704367269246,0.34048387756839343,0.5314063176114227,0.43436155961639794,0.5371985136368296,0.0,0.0,0.0,0.0,0.0,0.0,0.0,0.0,0.0,0.0,1.0,0.0,1.0,0.0,0.0,1.0
0.7681439747082535,0.14815863220704623,0.49706457925636005,0.09384163942926768,2.161030435756313,0.0009363528024571551,0.0007407249149441294,-0.0044722563314607095,0.263013698630137,0.3333333333333333,0.25,2.25,0.2727272727272727,0.2,0.17391304347826086,0.25461266849649283,0.0219549366490233,0.4979968080545683,0.5399442253675611,0.06412658714199139,0.41565557729941316,0.11995427509485904,0.4009567297455937,0.165467136372594,0.49082718839200556,0.34262840613358164,0.5339170717438328,0.4372654885863887,0.5399442253675611,0.0,0.0,0.0,0.0,0.0,0.0,0.0,0.0,0.0,0.0,1.0,0.0,1.0,0.0,0.0,1.0
0.7680262523327022,0.14779306710677464,0.6575342465753424,0.0782013661910564,2.161044184199394,0.0009349510767049738,0.0007419014716911871,-0.0044722563314607095,0.263013698630137,0.3333333333333333,0.25,2.25,0.2727272727272727,0.2,0.21739130434782608,0.25461266849649283,0.0219549366490233,0.4990828224583401,0.5467282057418965,0.07245471534225001,0.47906066536203556,0.11721559300959038,0.40400086966731585,0.1738886638801235,0.5071207145575621,0.34324861040303906,0.5404253903937678,0.4382190622061319,0.5467282057418965,0.0,0.0,0.0,0.0,0.0,0.0,0.0,0.0,0.0,0.0,1.0,0.0,1.0,0.0,0.0,1.0
0.7685961990180192,0.14777362215463252,0.5459882583170255,0.0997067418935969,2.1610557151516545,0.0009381049596473819,0.0007437297122926574,-0.0044722563314607095,0.263013698630137,0.3333333333333333,0.25,2.25,0.2727272727272727,0.2,0.21739130434782608,0.2445486428789265,0.021814744776758745,0.5029578322832231,0.5504351324839994,0.0936914422529095,0.5389432485322899,0.11758075063300974,0.4618395303326774,0.17325787066306117,0.5066603235014251,0.3457905377765093,0.5438958874945901,0.44162150984625587,0.5504351324839994,0.0,0.0,0.0,0.0,0.0,0.0,0.0,0.0,0.0,0.0,1.0,0.0,1.0,0.0,0.0,1.0
0.7687104361916628,0.14739500115792276,0.007827788649706457,0.08797653696493846,2.1610707940892286,0.0009377545282093365,0.0007455956212246756,-0.0044722563314607095,0.263013698630137,0.3333333333333333,0.25,2.25,0.2727272727272727,0.2,0.2608695652173913,0.2445486428789265,0.021814744776758745,0.5051767810920099,0.5406219168194016,0.10014574160810992,0.4696673189823878,0.1267618562599311,0.42130276771036856,0.17092159949921756,0.47740247383444134,0.34719698904677143,0.5340160585028116,0.44356985513548114,0.5406219168194016,0.0,0.0,0.0,0.0,0.0,0.0,0.0,0.0,0.0,0.0,1.0,0.0,1.0,0.0,0.0,1.0
0.7696090761413481,0.14736555594467898,0.5831702544031311,0.09286412235187948,2.161088534015784,0.0009349510767049738,0.0007484502550291562,-0.0044722563314607095,0.263013698630137,0.3333333333333333,0.25,2.25,0.2727272727272727,0.2,0.30434782608695654,0.2445486428789265,0.021814744776758745,0.5079365213734571,0.545213785664458,0.09639808391799355,0.4583170254403134,0.14906255319302714,0.46938775518590636,0.16925583814099399,0.4996035520932424,0.34897829554064186,0.5383737855473811,0.44599304171624,0.545213785664458,0.0,0.0,0.0,0.0,0.0,0.0,0.0,0.0,0.0,0.0,1.0,0.0,1.0,0.0,0.0,1.0
0.7702811779670284,0.14666275981725724,0.5968688845401173,0.10068425897098512,2.161113813411127,0.0009317971937625657,0.0007531977763925677,-0.0044722563314607095,0.263013698630137,0.3333333333333333,0.25,2.25,0.2727272727272727,0.2,0.34782608695652173,0.24409118633729798,0.03412427527389455,0.511574087650383,0.5499732989955347,0.09785550635303882,0.4782778864970649,0.15446166930022948,0.4782778864970609,0.16053148269405487,0.5143453120837276,0.35136541080869843,0.5429004142795316,0.4491870023393191,0.5499732989955347,0.0,0.0,0.0,0.0,0.0,0.0,0.0,0.0,0.0,0.0,1.0,0.0,1.0,0.0,0.0,1.0
0.7637537045895031,0.14941144269505885,0.324853228962818,0.10263929312576153,2.1614273666130117,0.0009160277790505253,0.0007223902683978013,-0.0044722563314607095,0.263013698630137,0.3333333333333333,0.25,2.25,0.2727272727272727,0.2,0.8260869565217391,0.25461266849649283,0.0219549366490233,0.5153256841386632,0.5481529568576193,0.10306058647820045,0.41174168297455993,0.17253697102685206,0.3248532289628155,0.22596414848091625,0.560180780209322,0.3561350770052009,0.5679359584595403,0.452481087050093,0.5481529568576193,0.0,0.0,0.0,0.0,0.0,0.0,0.0,0.0,0.0,0.0,1.0,0.0,1.0,0.0,0.0,1.0
0.7642817514029957,0.149506167390494,0.3287671232876712,0.11730204928658461,2.1614366800744538,0.0009188312305548881,0.0007236473786919903,-0.0044722563314607095,0.263013698630137,0.3333333333333333,0.25,2.25,0.2727272727272727,0.2,0.8695652173913043,0.25461266849649283,0.0219549366490233,0.5207156446981264,0.5464850692484867,0.10680824416831683,0.36829745596868907,0.18486104038591292,0.32681017612524205,0.24443237215483726,0.39724072312083564,0.3521700103403589,0.5314382718303754,0.45721373533091647,0.5464850692484867,0.0,0.0,0.0,0.0,0.0,0.0,0.0,0.0,0.0,0.0,1.0,0.0,1.0,0.0,0.0,1.0
0.763783987121635,0.14948283344792346,0.08414872798434442,0.00782013661910564,2.1614761514110423,0.0009163782104885706,0.0007223852417663891,-0.0044722563314607095,0.263013698630137,0.3333333333333333,0.25,2.25,0.2727272727272727,0.2,0.9130434782608695,0.25461266849649283,0.0219549366490233,0.5129629765760678,0.5392955509343661,0.08973558135778664,0.3835616438356167,0.12762258492375206,0.24592302681017422,0.16874886730228567,0.29892166198858106,0.3350481316562088,0.5263954997836424,0.4504065145628095,0.5392955509343661,0.0,0.0,0.0,0.0,0.0,0.0,0.0,0.0,0.0,0.0,1.0,0.0,1.0,0.0,0.0,1.0
0.7638311535207869,0.14951533429650382,0.08806262230919765,0.0391006830955282,2.1614872388651403,0.0009163782104885706,0.0007222680378812593,-0.0044722563314607095,0.263013698630137,0.3333333333333333,0.25,2.25,0.2727272727272727,0.2,0.9565217391304348,0.25461266849649283,0.0219549366490233,0.5091074816128128,0.532429527229374,0.07828440508243105,0.28454011741682994,0.11214903116745384,0.2064579256360062,0.1482889724406013,0.2509514747859171,0.329143786958491,0.5100129813933352,0.4470212019230841,0.532429527229374,0.0,0.0,0.0,0.0,0.0,0.0,0.0,0.0,0.0,0.0,1.0,0.0,1.0,0.0,0.0,1.0
0.7640073498394574,0.14948838914853546,0.6203522504892367,0.0791788832684446,2.1614921173449435,0.0009170790733646612,0.0007227276273756336,-0.0044722563314607095,0.263013698630137,0.3333333333333333,0.25,2.25,0.2727272727272727,0.2,0.9565217391304348,0.25461266849649283,0.0219549366490233,0.509968651496739,0.5375295490139296,0.07370393457228881,0.2892367906066538,0.11633921474953453,0.28923679060665136,0.15382943954277759,0.3515699333967635,0.3428268714960592,0.5283946343574201,0.4477773510870153,0.5375295490139296,0.0,0.0,0.0,0.0,0.0,0.0,0.0,0.0,0.0,0.0,1.0,0.0,1.0,0.0,0.0,1.0
0.763957317829848,0.1495114453060754,0.24070450097847357,0.044965785559857425,2.161496995824745,0.0009170790733646612,0.0007227276273756336,-0.0044722563314607095,0.263013698630137,0.3333333333333333,0.25,2.25,0.2727272727272727,0.2,0.9565217391304348,0.25461266849649283,0.0219549366490233,0.5069444578749522,0.534223992550586,0.061419945476907344,0.27240704500978485,0.10954728319712946,0.281148075733853,0.1448488131360349,0.3417380273548986,0.33793181651188664,0.5203541589787961,0.44512196157402556,0.534223992550586,0.0,0.0,0.0,0.0,0.0,0.0,0.0,0.0,0.0,0.0,1.0,0.0,1.0,0.0,0.0,1.0
0.7638562469745227,0.14949950054975952,0.3913894324853229,0.055718473411127685,2.1615032047990397,0.0009163782104885706,0.0007222680378812593,-0.0044722563314607095,0.263013698630137,0.3333333333333333,0.25,2.25,0.2727272727272727,0.2,0.9565217391304348,0.25461266849649283,0.0219549366490233,0.5052083467178462,0.5342425831885801,0.048303143561500006,0.28493150684931523,0.10727808947543876,0.2968968409001933,0.14184837343757917,0.36088079376783855,0.3375785650980878,0.5114668974469917,0.4435975712946625,0.5342425831885801,0.0,0.0,0.0,0.0,0.0,0.0,0.0,0.0,0.0,0.0,1.0,0.0,1.0,0.0,0.0,1.0
0.7637396088840094,0.14949200035393329,0.3385518590998043,0.029325512321646152,2.161508083278843,0.0009160277790505253,0.0007220383385220069,-0.0044722563314607095,0.263013698630137,0.3333333333333333,0.25,2.25,0.2727272727272727,0.2,0.9565217391304348,0.25461266849649283,0.0219549366490233,0.5006410388885109,0.5331485887670738,0.05288361407164225,0.33581213307240726,0.08967227609596208,0.2988537880626199,0.13226507248822864,0.3672098001902934,0.3300016831822025,0.5090703325832963,0.43958725223795897,0.5331485887670738,0.0,0.0,0.0,0.0,0.0,0.0,0.0,0.0,0.0,0.0,1.0,0.0,1.0,0.0,0.0,1.0
0.763297840179967,0.1496508933914374,0.21330724070450097,0.00782013661910564,2.161545337124611,0.0009139251904222532,0.000720073360097989,-0.0044722563314607095,0.26575342465753427,0.5,0.25,2.25,0.2727272727272727,0.23333333333333334,0.0,0.25461266849649283,0.0219549366490233,0.49389731947373816,0.5294917997795267,0.046221111511435355,0.36086105675146796,0.06338092812996556,0.28235951917808005,0.11950027083125378,0.3552172533301603,0.31916783947460065,0.5006971490263945,0.43366593764899675,0.5294917997795267,0.0,0.0,0.0,0.0,0.0,0.0,0.0,0.0,0.0,0.0,1.0,0.0,1.0,0.0,0.0,1.0
0.7632750701941695,0.14968728323044617,0.2446183953033268,0.04203323432769281,2.1615546505860532,0.0009139251904222532,0.0007198387612912374,-0.0044722563314607095,0.26575342465753427,0.5,0.25,2.25,0.2727272727272727,0.23333333333333334,0.0,0.25461266849649283,0.0219549366490233,0.4909826000909627,0.5265834686890027,0.03830938972118966,0.28571428571428586,0.06429056182310082,0.27764187866927376,0.11689299219493551,0.34942911512844765,0.3149653265418478,0.4944056375594971,0.4311066718577552,0.5265834686890027,0.0,0.0,0.0,0.0,0.0,0.0,0.0,0.0,0.0,0.0,1.0,0.0,1.0,0.0,0.0,1.0
0.7632527649019598,0.14971033938798606,0.5225048923679061,0.035190614785975384,2.1615652945419885,0.0009139251904222532,0.0007197215574061076,-0.0044722563314607095,0.26575342465753427,0.5,0.25,2.25,0.2727272727272727,0.23333333333333334,0.043478260869565216,0.25461266849649283,0.0219549366490233,0.4874387383998528,0.5293510269090514,0.036227357671125004,0.34207436399217245,0.07004179419066256,0.3324363992172185,0.11337711645413166,0.3754000518553743,0.3099215415833384,0.501260836434443,0.4279949884317122,0.5293510269090514,0.0,0.0,0.0,0.0,0.0,0.0,0.0,0.0,0.0,0.0,1.0,0.0,1.0,0.0,0.0,1.0
0.7633107741514914,0.14966478264296745,0.6066536203522505,0.0391006830955282,2.1615723905126103,0.0009139251904222532,0.0007199560287683234,-0.0044722563314607095,0.26575342465753427,0.5,0.25,2.25,0.2727272727272727,0.23333333333333334,0.043478260869565216,0.25461266849649283,0.0219549366490233,0.4844001738749074,0.5337066843027984,0.032687903186015096,0.38512720156555796,0.06103348634493985,0.3653899915851243,0.11117146408359065,0.4055661274976196,0.31557704420613986,0.5176442500216347,0.4253269805647703,0.5337066843027984,0.0,0.0,0.0,0.0,0.0,0.0,0.0,0.0,0.0,0.0,1.0,0.0,1.0,0.0,0.0,1.0
0.7641796737115637,0.14949672269945352,0.6908023483365948,0.0,2.1616429067206724,0.0009184807991168426,0.0007234173613729555,-0.0044722563314607095,0.26575342465753427,0.5,0.25,2.25,0.2727272727272727,0.23333333333333334,0.13043478260869565,0.25461266849649283,0.0219549366490233,0.4774801713999088,0.5395823798709967,0.026441807035821125,0.45557729941291614,0.041627967607350436,0.6066536203522458,0.10261981299188086,0.438959232873452,0.3016883609673615,0.5418804475118985,0.41925088085025625,0.5395823798709967,0.0,0.0,0.0,0.0,0.0,0.0,0.0,0.0,0.0,0.0,1.0,0.0,1.0,0.0,0.0,1.0
0.7642214961344569,0.14952116778214647,0.14481409001956946,0.037145648940751785,2.1616504461894586,0.0009184807991168426,0.000723300475708231,-0.0044722563314607095,0.26575342465753427,0.5,0.25,2.25,0.2727272727272727,0.23333333333333334,0.17391304347826086,0.25461266849649283,0.0219549366490233,0.4744718435424312,0.5347728125776241,0.032687903186015096,0.44187866927592984,0.04272344044474432,0.4807566863013661,0.10118724231115254,0.4201780616079906,0.2960692326692487,0.5259824554738198,0.41660942225222475,0.5347728125776241,0.0,0.0,0.0,0.0,0.0,0.0,0.0,0.0,0.0,0.0,1.0,0.0,1.0,0.0,0.0,1.0
0.7642183981772056,0.14957089130262413,0.23874755381604695,0.04887585386941025,2.1616548811710974,0.0009184807991168426,0.000723183653635463,-0.0044722563314607095,0.26575342465753427,0.5,0.25,2.25,0.2727272727272727,0.23333333333333334,0.17391304347826086,0.25461266849649283,0.0219549366490233,0.4727044878011641,0.5318815571717447,0.034145325621060346,0.4407045009784738,0.04820080459884956,0.35812133072406765,0.1016838668164123,0.41151284490960816,0.29415223763326226,0.5190197080917341,0.41505759770393075,0.5318815571717447,0.0,0.0,0.0,0.0,0.0,0.0,0.0,0.0,0.0,0.0,1.0,0.0,1.0,0.0,0.0,1.0
0.764204302471712,0.14957200244274654,0.30528375733855184,0.06842619541717435,2.161655324669262,0.0009184807991168426,0.0007230668951546513,-0.0044722563314607095,0.26575342465753427,0.5,0.25,2.25,0.2727272727272727,0.23333333333333334,0.17391304347826086,0.25461266849649283,0.0219549366490233,0.4728881403754741,0.5303163680868792,0.041224234591280176,0.397260273972603,0.06490676529105387,0.3449119373776881,0.10483432850196354,0.408985490009513,0.2849932613918686,0.4988395420164421,0.41521885362231614,0.5303163680868792,0.0,0.0,0.0,0.0,0.0,0.0,0.0,0.0,0.0,0.0,1.0,0.0,1.0,0.0,0.0,1.0
0.7640247758489962,0.1496033921512045,0.10567514677103718,0.06842619541717435,2.1616615336435565,0.000917779936240752,0.0007224898471466988,-0.0044722563314607095,0.26575342465753427,0.5,0.25,2.25,0.2727272727272727,0.23333333333333334,0.17391304347826086,0.25461266849649283,0.0219549366490233,0.47306682933854144,0.5251034674200467,0.047470330741474144,0.29706457925636026,0.07493034170309003,0.29706457925635776,0.10761414762604884,0.3924833491912448,0.2868639521668818,0.48324647719601815,0.41537575124791715,0.5251034674200467,0.0,0.0,0.0,0.0,0.0,0.0,0.0,0.0,0.0,0.0,1.0,0.0,1.0,0.0,0.0,1.0
0.7641925302341568,0.14954311279956395,0.62426614481409,0.0782013661910564,2.161666855621524,0.0009184807991168426,0.000723183653635463,-0.0044722563314607095,0.26575342465753427,0.5,0.25,2.25,0.2727272727272727,0.23333333333333334,0.17391304347826086,0.25461266849649283,0.0219549366490233,0.47416667922879085,0.5294885549041863,0.06412658714199139,0.28375733855185925,0.08435140805209476,0.35159817358121054,0.11129217141579391,0.4128343377735472,0.29053124703055866,0.4976200779749016,0.41634147309965014,0.5294885549041863,0.0,0.0,0.0,0.0,0.0,0.0,0.0,0.0,0.0,0.0,1.0,0.0,1.0,0.0,0.0,1.0
0.7643382891228327,0.14944644360891468,0.07045009784735812,0.04398826848246923,2.1616726210976545,0.0009191816619929334,0.0007241110404171841,-0.0044722563314607095,0.26575342465753427,0.5,0.25,2.25,0.2727272727272727,0.23333333333333334,0.21739130434782608,0.25461266849649283,0.0219549366490233,0.47203948618632396,0.523789685365573,0.06558400957703665,0.268884540117417,0.08286469493088999,0.3114341626223067,0.11058063338664344,0.39561320052330945,0.28057352283797904,0.4740372132410203,0.41447369384888444,0.523789685365573,0.0,0.0,0.0,0.0,0.0,0.0,0.0,0.0,0.0,0.0,1.0,0.0,1.0,0.0,0.0,1.0
0.7642879473174984,0.14950505625037158,0.27788649706457924,0.044965785559857425,2.1616774995774577,0.0009188312305548881,0.0007236473786919903,-0.0044722563314607095,0.26575342465753427,0.5,0.25,2.25,0.2727272727272727,0.23333333333333334,0.21739130434782608,0.25461266849649283,0.0219549366490233,0.4700577325227101,0.5219241545705706,0.06475119675701078,0.2767123287671235,0.08195506123775473,0.30724070450097607,0.11004888577460008,0.3927212178877243,0.27797279957827004,0.4698225876244041,0.41273361746694304,0.5219241545705706,0.0,0.0,0.0,0.0,0.0,0.0,0.0,0.0,0.0,0.0,1.0,0.0,1.0,0.0,0.0,1.0
0.7634179634723881,0.1498639545099087,0.28180039138943247,0.00782013661910564,2.161751120272667,0.0009149764847363892,0.0007195967180556134,-0.0044722563314607095,0.26575342465753427,0.5,0.25,2.25,0.2727272727272727,0.23333333333333334,0.34782608695652173,0.25461266849649283,0.0219549366490233,0.4647436020347004,0.5201751003708801,0.05184259804660993,0.27201565557729956,0.054225905179867785,0.2100456620352234,0.09951113461948043,0.39010466222644935,0.2394113795135904,0.4426655127650359,0.4080675516876685,0.5201751003708801,0.0,0.0,0.0,0.0,0.0,0.0,0.0,0.0,0.0,0.0,1.0,0.0,1.0,0.0,0.0,1.0
0.7633854349212489,0.14988478838720382,0.26810176125244617,0.01564027323821128,2.1617528942653212,0.0009146260532983439,0.0007192495604434053,-0.0044722563314607095,0.26575342465753427,0.5,0.25,2.25,0.2727272727272727,0.23333333333333334,0.34782608695652173,0.25461266849649283,0.0219549366490233,0.4602672414299968,0.5182331175715433,0.04059962497626078,0.3045009784735814,0.03834154911160087,0.27592954990215046,0.09642792416652685,0.3870463503805882,0.22088042756153362,0.4228393848550403,0.4041370887303836,0.5182331175715433,0.0,0.0,0.0,0.0,0.0,0.0,0.0,0.0,0.0,0.0,1.0,0.0,1.0,0.0,0.0,1.0
0.7633405919900356,0.14990423333934594,0.27788649706457924,0.0391006830955282,2.161759990235945,0.0009146260532983439,0.0007192495604434053,-0.0044722563314607095,0.26575342465753427,0.5,0.25,2.25,0.2727272727272727,0.23333333333333334,0.34782608695652173,0.25461266849649283,0.0219549366490233,0.45798612324456295,0.5165070010344963,0.03227149677600216,0.2352250489236792,0.035055130615851304,0.27592954990215046,0.08815084912956121,0.3841013094671725,0.219426474807261,0.4204842623106872,0.4021341556959861,0.5165070010344963,0.0,0.0,0.0,0.0,0.0,0.0,0.0,0.0,0.0,0.0,1.0,0.0,1.0,0.0,0.0,1.0
0.7634556811019233,0.14990728897468253,0.6673189823874754,0.08699901988755025,2.161764868715748,0.0009149764847363892,0.0007193632010939902,-0.0044722563314607095,0.26575342465753427,0.5,0.25,2.25,0.2727272727272727,0.23333333333333334,0.34782608695652173,0.25461266849649283,0.0219549366490233,0.45996228926913985,0.5214005014015358,0.04143243779628664,0.3545988258317027,0.0628527537312104,0.37377690802348046,0.09293368169011552,0.4035118068506167,0.22766090995590652,0.4398528776287312,0.40386932585830115,0.5214005014015358,0.0,0.0,0.0,0.0,0.0,0.0,0.0,0.0,0.0,0.0,1.0,0.0,1.0,0.0,0.0,1.0
0.763549239410914,0.14984839854819504,0.47162426614481406,0.08797653696493846,2.1617697471955513,0.00091567734761248,0.0007201742112072614,-0.0044722563314607095,0.26575342465753427,0.5,0.25,2.25,0.2727272727272727,0.23333333333333334,0.34782608695652173,0.25461266849649283,0.0219549366490233,0.4619749444613501,0.522909929816109,0.05059337881657113,0.39334637964774977,0.07985996944671439,0.39334637964774644,0.09739508240046062,0.41089231779257673,0.23542402985185915,0.44728688879272954,0.4056365352896542,0.522909929816109,0.0,0.0,0.0,0.0,0.0,0.0,0.0,0.0,0.0,0.0,1.0,0.0,1.0,0.0,0.0,1.0
0.7633235532251532,0.1496406153453051,0.5772994129158513,0.06158357587545692,2.161780391151485,0.0009142756218602986,0.000720303122788575,-0.0044722563314607095,0.26575342465753427,0.5,0.25,2.25,0.2727272727272727,0.23333333333333334,0.3913043478260869,0.25461266849649283,0.0219549366490233,0.46168006577298243,0.5261246940195824,0.06204455509192673,0.45244618395303354,0.08380367164161384,0.4240052185909947,0.09904037596956941,0.42300983182682983,0.23772376850340962,0.4595413241021194,0.4053776174177776,0.5261246940195824,0.0,0.0,0.0,0.0,0.0,0.0,0.0,0.0,0.0,0.0,1.0,0.0,1.0,0.0,0.0,1.0
0.7634930114868019,0.14967422733400787,0.0410958904109589,0.08406646865538563,2.161785269631288,0.0009149764847363892,0.0007206456991736891,-0.0044722563314607095,0.26575342465753427,0.5,0.25,2.25,0.2727272727272727,0.23333333333333334,0.3913043478260869,0.25461266849649283,0.0219549366490233,0.4632936630379537,0.5205305720338521,0.07661877944237933,0.40704500978473607,0.09201971788098776,0.3693038859099775,0.10255295969518506,0.40808753568030276,0.24384492359688018,0.4445406028559056,0.40679443452390657,0.5205305720338521,0.0,0.0,0.0,0.0,0.0,0.0,0.0,0.0,0.0,0.0,1.0,0.0,1.0,0.0,0.0,1.0
0.7637427068412608,0.14971006160295547,0.649706457925636,0.06940371249456255,2.1617914786055827,0.0009163782104885706,0.0007211019164700106,-0.0044722563314607095,0.26575342465753427,0.5,0.25,2.25,0.2727272727272727,0.23333333333333334,0.3913043478260869,0.25461266849649283,0.0219549366490233,0.4636438031166744,0.5248629994290205,0.08307307879757976,0.48140900195694747,0.09510073522075298,0.40435420743639605,0.10454184533163531,0.42276586393910376,0.24701850263953967,0.4594485998269138,0.40710187459203395,0.5248629994290205,0.0,0.0,0.0,0.0,0.0,0.0,0.0,0.0,0.0,0.0,1.0,0.0,1.0,0.0,0.0,1.0
0.7637407706179787,0.1496217259632242,0.5283757338551859,0.0782013661910564,2.1617959135872216,0.0009160277790505253,0.0007215697140179802,-0.0044722563314607095,0.26575342465753427,0.5,0.25,2.25,0.2727272727272727,0.23333333333333334,0.3913043478260869,0.25461266849649283,0.0219549366490233,0.464712544603322,0.5271646930300976,0.08119924995252156,0.4536203522504895,0.09914029128296778,0.41813437710371487,0.11055864216462148,0.44353363106564986,0.2514274862889827,0.46777779437472866,0.4080402817480097,0.5271646930300976,0.0,0.0,0.0,0.0,0.0,0.0,0.0,0.0,0.0,0.0,1.0,0.0,1.0,0.0,0.0,1.0
0.7637407706179787,0.1494875557934437,0.6183953033268101,0.058651024643292304,2.1618025660596807,0.0009160277790505253,0.0007220383385220069,-0.0044722563314607095,0.26575342465753427,0.5,0.25,2.25,0.2727272727272727,0.23333333333333334,0.3913043478260869,0.25461266849649283,0.0219549366490233,0.46416029326924674,0.5308289355131669,0.0749531538023276,0.4829745596868888,0.09908551764684932,0.4381604696673156,0.11129217141579391,0.4549459069933378,0.25241854582281503,0.4795326698398952,0.4075553781391688,0.5308289355131669,0.0,0.0,0.0,0.0,0.0,0.0,0.0,0.0,0.0,0.0,1.0,0.0,1.0,0.0,0.0,1.0
0.7639276548891665,0.14953672374386018,0.06262230919765166,0.08895405404232665,2.161807444539482,0.0009167286419266159,0.0007223807241312515,-0.0044722563314607095,0.26575342465753427,0.5,0.25,2.25,0.2727272727272727,0.23333333333333334,0.43478260869565216,0.25461266849649283,0.0219549366490233,0.46606693151420386,0.5257702682874704,0.08078284354250863,0.38003913894324876,0.1036715652735151,0.4040206369862982,0.11539622112352386,0.45380061322549764,0.2580316538448905,0.4667439035049753,0.409229499519576,0.5257702682874704,0.0,0.0,0.0,0.0,0.0,0.0,0.0,0.0,0.0,0.0,1.0,0.0,1.0,0.0,0.0,1.0
0.7639485893352924,0.14958005820863396,0.538160469667319,0.058651024643292304,2.161813210015614,0.0009174295048027067,0.0007223766519004319,-0.0044722563314607095,0.26575342465753427,0.5,0.25,2.25,0.2727272727272727,0.23333333333333334,0.43478260869565216,0.25461266849649283,0.0219549366490233,0.46551187254116533,0.5281345796033879,0.07536956021234054,0.47945205479452085,0.10324831440265474,0.415198956360075,0.11370631829885965,0.45010043339676303,0.2587543918865913,0.4744699264387702,0.4087421306667753,0.5281345796033879,0.0,0.0,0.0,0.0,0.0,0.0,0.0,0.0,0.0,0.0,1.0,0.0,1.0,0.0,0.0,1.0
0.7641778149372129,0.14945894393529174,0.029354207436399216,0.08504398573277383,2.161821192982565,0.0009181303676787973,0.0007236512601469404,-0.0044722563314607095,0.26575342465753427,0.5,0.25,2.25,0.2727272727272727,0.23333333333333334,0.43478260869565216,0.25461266849649283,0.0219549366490233,0.4670524815403141,0.5227125958317089,0.07870081149244397,0.3553816046966734,0.10630299826256884,0.38551859099804003,0.117005652378901,0.4405856855375813,0.26326731768192757,0.461272176633491,0.4100948605153159,0.5227125958317089,0.0,0.0,0.0,0.0,0.0,0.0,0.0,0.0,0.0,0.0,1.0,0.0,1.0,0.0,0.0,1.0
0.7643724441015289,0.14949644491442293,0.12524461839530332,0.08797653696493846,2.1618260714623663,0.0009191816619929334,0.000723877396271648,-0.0044722563314607095,0.26575342465753427,0.5,0.25,2.25,0.2727272727272727,0.23333333333333334,0.43478260869565216,0.25461266849649283,0.0219549366490233,0.46878816873907553,0.5188512750243298,0.08078284354250863,0.27475538160469687,0.10927341498367298,0.36692759295498734,0.11966121394810057,0.42860415128448914,0.2679282467954639,0.4525924605798347,0.4116188785385728,0.5188512750243298,0.0,0.0,0.0,0.0,0.0,0.0,0.0,0.0,0.0,0.0,1.0,0.0,1.0,0.0,0.0,1.0
0.7643758518545054,0.149552835275635,0.3953033268101761,0.08797653696493846,2.161829619447678,0.0009191816619929334,0.0007236438793100247,-0.0044722563314607095,0.26575342465753427,0.5,0.25,2.25,0.2727272727272727,0.23333333333333334,0.43478260869565216,0.25461266849649283,0.0219549366490233,0.4704861235757262,0.5190894996315303,0.08702893969270259,0.23013698630137,0.11184777614415417,0.3688193086105646,0.12448950773595933,0.4311590373453836,0.27232283705833027,0.4546454842925131,0.41310976570740043,0.5190894996315303,0.0,0.0,0.0,0.0,0.0,0.0,0.0,0.0,0.0,0.0,1.0,0.0,1.0,0.0,0.0,1.0
0.7643393734078707,0.14954533507980883,0.3933463796477495,0.09286412235187948,2.161830506444007,0.0009191816619929334,0.0007236438793100247,-0.0044722563314607095,0.26575342465753427,0.5,0.25,2.25,0.2727272727272727,0.23333333333333334,0.43478260869565216,0.25461266849649283,0.0219549366490233,0.4725209205046342,0.5192938154118937,0.08786175251272846,0.2962818003913896,0.114613845039266,0.3703522504892339,0.12741522382815498,0.4328360744529001,0.2771241151163444,0.45651233223712595,0.41489641666359595,0.5192938154118937,0.0,0.0,0.0,0.0,0.0,0.0,0.0,0.0,0.0,0.0,1.0,0.0,1.0,0.0,0.0,1.0
0.7642499198922381,0.1494800555976174,0.5538160469667319,0.06940371249456255,2.16183538492381,0.0009188312305548881,0.0007237642010253812,-0.0044722563314607095,0.26575342465753427,0.5,0.25,2.25,0.2727272727272727,0.23333333333333334,0.4782608695652174,0.25461266849649283,0.0219549366490233,0.4727393742604217,0.5218290996137248,0.09015198776779959,0.2994129158512722,0.12740349034641402,0.39530332681017305,0.12834104322476347,0.4411233965271152,0.2786263049141411,0.464032184422327,0.41508822971683845,0.5218290996137248,0.0,0.0,0.0,0.0,0.0,0.0,0.0,0.0,0.0,0.0,1.0,0.0,1.0,0.0,0.0,1.0
0.7643445624862668,0.14938088634169272,0.09001956947162426,0.041055717250304616,2.161842480894432,0.0009188312305548881,0.000724344939191169,-0.0044722563314607095,0.26575342465753427,0.5,0.25,2.25,0.2727272727272727,0.23333333333333334,0.4782608695652174,0.25461266849649283,0.0219549366490233,0.4708333458071474,0.5176324266554762,0.08078284354250863,0.3115459882583172,0.12762258492375206,0.3827788649706428,0.12710483352051538,0.4300666032350125,0.2764732834645639,0.45496367485936734,0.413414643763273,0.5176324266554762,0.0,0.0,0.0,0.0,0.0,0.0,0.0,0.0,0.0,0.0,1.0,0.0,1.0,0.0,0.0,1.0
0.7643087036310825,0.1494411656933332,0.25048923679060664,0.0391006830955282,2.1618478028723995,0.0009184807991168426,0.0007238811502820623,-0.0044722563314607095,0.26575342465753427,0.5,0.25,2.25,0.2727272727272727,0.23333333333333334,0.4782608695652174,0.25461266849649283,0.0219549366490233,0.4688223504066478,0.5158098475587009,0.07037268329218535,0.3365949119373779,0.12225476804188375,0.3549902152641851,0.12580820302360443,0.4260151622264492,0.27419036629105725,0.4518190592816953,0.4116488917100027,0.5158098475587009,0.0,0.0,0.0,0.0,0.0,0.0,0.0,0.0,0.0,0.0,1.0,0.0,1.0,0.0,0.0,1.0
0.7640812361199021,0.14956116882655307,0.3131115459882583,0.04398826848246923,2.1618659862971192,0.000917779936240752,0.0007227235551448141,-0.0044722563314607095,0.26575342465753427,0.5,0.25,2.25,0.2727272727272727,0.23333333333333334,0.5217391304347826,0.25461266849649283,0.0219549366490233,0.46721077987784126,0.5149080043160019,0.06100353906689441,0.3201565557729943,0.11654145588267847,0.34984193894324583,0.12840146401742633,0.4299284859657451,0.27260734348391535,0.4509086975335344,0.4102338541770858,0.5149080043160019,0.0,0.0,0.0,0.0,0.0,0.0,0.0,0.0,0.0,0.0,1.0,0.0,1.0,0.0,0.0,1.0
0.7635002916863427,0.14969867241670082,0.2720156555772994,0.008797653696493846,2.161906344630035,0.0009149764847363892,0.000720528622733095,-0.0044722563314607095,0.26575342465753427,0.5,0.25,2.25,0.2727272727272727,0.23333333333333334,0.5652173913043478,0.25461266849649283,0.0219549366490233,0.4630810780323217,0.5134509083171543,0.04309806343633837,0.2958904109589043,0.09201971788098776,0.32401453737768826,0.1290153394073285,0.4133993896289231,0.2669870153854721,0.4487129423626128,0.4066077745195645,0.5134509083171543,0.0,0.0,0.0,0.0,0.0,0.0,0.0,0.0,0.0,0.0,1.0,0.0,1.0,0.0,0.0,1.0
0.7634314395864314,0.14972145078921012,0.29158512720156554,0.03616813186336359,2.1619134406006566,0.0009146260532983439,0.0007201815287128434,-0.0044722563314607095,0.26575342465753427,0.5,0.25,2.25,0.2727272727272727,0.23333333333333334,0.6086956521739131,0.25461266849649283,0.0219549366490233,0.4609988898521581,0.5122936595737987,0.03601915446611854,0.243444227005871,0.06682384275238513,0.2951728636007805,0.12739453113953053,0.41143355542340454,0.26475831382623494,0.4472399086109901,0.4047795117331326,0.5122936595737987,0.0,0.0,0.0,0.0,0.0,0.0,0.0,0.0,0.0,0.0,1.0,0.0,1.0,0.0,0.0,1.0
0.7633276580185112,0.14973283997546483,0.4050880626223092,0.04887585386941025,2.16191831908046,0.0009142756218602986,0.0007199515111331859,-0.0044722563314607095,0.26575342465753427,0.5,0.25,2.25,0.2727272727272727,0.23333333333333334,0.6086956521739131,0.25461266849649283,0.0219549366490233,0.4598611232942375,0.5127122557207735,0.03768478010617027,0.306457925636008,0.0610726103848234,0.2703848663405067,0.12678943691198422,0.414044995480493,0.2640499668281169,0.44933734504543404,0.40378049719769826,0.5127122557207735,0.0,0.0,0.0,0.0,0.0,0.0,0.0,0.0,0.0,0.0,1.0,0.0,1.0,0.0,0.0,1.0
0.76335352596156,0.1496403375602745,0.5557729941291585,0.0782013661910564,2.1619236410584275,0.0009142756218602986,0.000720303122788575,-0.0044722563314607095,0.26575342465753427,0.5,0.25,2.25,0.2727272727272727,0.23333333333333334,0.6086956521739131,0.25461266849649283,0.0219549366490233,0.460808593041561,0.5151634968214015,0.04601290830642889,0.36751467710371843,0.07147960228255298,0.3480104369862987,0.12825909750013545,0.42221693625118756,0.2665688091510166,0.4558829314582423,0.40461242185119695,0.5151634968214015,0.0,0.0,0.0,0.0,0.0,0.0,0.0,0.0,0.0,0.0,1.0,0.0,1.0,0.0,0.0,1.0
0.7635616312399194,0.14955366863072683,0.6262230919765166,0.08699901988755025,2.161929850032722,0.0009153269161744345,0.0007213443415179961,-0.0044722563314607095,0.26575342465753427,0.5,0.25,2.25,0.2727272727272727,0.23333333333333334,0.6086956521739131,0.25461266849649283,0.0219549366490233,0.46235023009629267,0.518511522039724,0.05517384932671337,0.43013698630137015,0.08489914447900775,0.41063274618394985,0.13023225107802203,0.43248853901046447,0.26991290046709965,0.4642146257031579,0.40596605438268546,0.518511522039724,0.0,0.0,0.0,0.0,0.0,0.0,0.0,0.0,0.0,0.0,1.0,0.0,1.0,0.0,0.0,1.0
0.763792429055145,0.149506167390494,0.700587084148728,0.08797653696493846,2.1619396069923287,0.0009163782104885706,0.0007222680378812593,-0.0044722563314607095,0.26575342465753427,0.5,0.25,2.25,0.2727272727272727,0.23333333333333334,0.6521739130434783,0.25461266849649283,0.0219549366490233,0.46392935423535064,0.5227821937362713,0.07203830893223707,0.515851272015656,0.09389767130243548,0.4520547945205444,0.13215324068014053,0.4448144624167441,0.2732134658444088,0.4743288244050185,0.40735260240274446,0.5227821937362713,0.0,0.0,0.0,0.0,0.0,0.0,0.0,0.0,0.0,0.0,1.0,0.0,1.0,0.0,0.0,1.0
0.7642041475738494,0.14946949976645457,0.2035225048923679,0.04692081971463384,2.1619484769556063,0.0009181303676787973,0.0007235343108902594,-0.0044722563314607095,0.26575342465753427,0.5,0.25,2.25,0.2727272727272727,0.23333333333333334,0.6521739130434783,0.25461266849649283,0.0219549366490233,0.4626736233687492,0.5204325109962212,0.0743285441873082,0.49823874755381636,0.09460190383958642,0.4363992172211316,0.13135718082643275,0.4391735761179811,0.2721861030723235,0.4699816787537853,0.40625000945026646,0.5204325109962212,0.0,0.0,0.0,0.0,0.0,0.0,0.0,0.0,0.0,0.0,1.0,0.0,1.0,0.0,0.0,1.0
0.7641538057685149,0.14950144504497376,0.34833659491193736,0.0391006830955282,2.161952911937245,0.000917779936240752,0.0007231874076458772,-0.0044722563314607095,0.26575342465753427,0.5,0.25,2.25,0.2727272727272727,0.23333333333333334,0.6521739130434783,0.25461266849649283,0.0219549366490233,0.46091271061376393,0.5200142800014587,0.07224651213724355,0.486888454011742,0.09099271210106602,0.425391389432482,0.13012251712977937,0.4387355956232142,0.27042054913580726,0.46981826040674945,0.4047038421582017,0.5200142800014587,0.0,0.0,0.0,0.0,0.0,0.0,0.0,0.0,0.0,0.0,1.0,0.0,1.0,0.0,0.0,1.0
0.763861203706125,0.14949950054975952,0.3639921722113503,0.027370478166869737,2.1619693213693107,0.0009167286419266159,0.0007224978644244247,-0.0044722563314607095,0.26575342465753427,0.5,0.25,2.25,0.2727272727272727,0.23333333333333334,0.6956521739130435,0.25461266849649283,0.0219549366490233,0.45839885908883093,0.5198059834194859,0.061419945476907344,0.4485322896281803,0.08599461729996953,0.4185692542074331,0.1318124199544436,0.4277011313035186,0.26757946979716885,0.4700853946343565,0.4024965578995383,0.5198059834194859,0.0,0.0,0.0,0.0,0.0,0.0,0.0,0.0,0.0,0.0,1.0,0.0,1.0,0.0,0.0,1.0
0.7635084238241274,0.14957561364814437,0.2309197651663405,0.0,2.161998148749964,0.0009149764847363892,0.0007209973110897009,-0.0044722563314607095,0.26575342465753427,0.5,0.25,2.25,0.2727272727272727,0.23333333333333334,0.7391304347826086,0.25461266849649283,0.0219549366490233,0.45411475758644315,0.5179002652677102,0.04288986023133191,0.36947162426614505,0.08802906684808727,0.43276488669275587,0.12927756571744728,0.45099904852521217,0.26222788038435585,0.4668109043704015,0.39873490781203413,0.5179002652677102,0.0,0.0,0.0,0.0,0.0,0.0,0.0,0.0,0.0,0.0,1.0,0.0,1.0,0.0,0.0,1.0
0.7634600182420752,0.1496006143008985,0.2876712328767123,0.035190614785975384,2.1620070187132416,0.0009146260532983439,0.0007206502168088266,-0.0044722563314607095,0.26575342465753427,0.5,0.25,2.25,0.2727272727272727,0.23333333333333334,0.7391304347826086,0.25461266849649283,0.0219549366490233,0.4522248062169281,0.5167486809346609,0.03164688716098277,0.28688845401174184,0.0777003230136927,0.3944646352250458,0.12763049452749153,0.44773027235965557,0.2603939133681457,0.4651411407183028,0.3970754383222117,0.5167486809346609,0.0,0.0,0.0,0.0,0.0,0.0,0.0,0.0,0.0,0.0,1.0,0.0,1.0,0.0,0.0,1.0
0.7633922504272019,0.14966811606333463,0.20156555772994128,0.0782013661910564,2.1620127841893737,0.0009146260532983439,0.0007204157454466108,-0.0044722563314607095,0.26575342465753427,0.5,0.25,2.25,0.2727272727272727,0.23333333333333334,0.7391304347826086,0.25461266849649283,0.0219549366490233,0.45317279485315426,0.5145375747976748,0.03830938972118966,0.28649706457925656,0.07558762540223994,0.3337992731898212,0.1290738720739849,0.44139509990485065,0.2625955502079065,0.46133874781479783,0.3979078185854771,0.5145375747976748,0.0,0.0,0.0,0.0,0.0,0.0,0.0,0.0,0.0,0.0,1.0,0.0,1.0,0.0,0.0,1.0
0.7633224689401152,0.1498822883219284,0.12524461839530332,0.08699901988755025,2.1620220976508158,0.0009146260532983439,0.0007192495604434053,-0.0044722563314607095,0.26575342465753427,0.5,0.25,2.25,0.2727272727272727,0.23333333333333334,0.7826086956521738,0.25461266849649283,0.0219549366490233,0.45467172919842125,0.5114175277049386,0.04851134676650647,0.2418786692759297,0.075352881228667,0.2516074923679041,0.13102233550536913,0.43263270195052145,0.26550984018746504,0.4557693720467321,0.39922395605511773,0.5114175277049386,0.0,0.0,0.0,0.0,0.0,0.0,0.0,0.0,0.0,0.0,1.0,0.0,1.0,0.0,0.0,1.0
0.763285835595618,0.1501617400627135,0.26418786692759294,0.09384163942926768,2.1620367330902237,0.0009146260532983439,0.0007178528488642679,-0.0044722563314607095,0.26575342465753427,0.5,0.25,2.25,0.2727272727272727,0.23333333333333334,0.7826086956521738,0.2935727355901189,0.010594077759483497,0.4565815936934638,0.5100660573376076,0.06266916470694613,0.22191780821917823,0.09010264041965647,0.2455968688845382,0.13330351067825422,0.42935299714557384,0.2689236363695141,0.45381989519688365,0.4009009102404688,0.5100660573376076,0.0,0.0,0.0,0.0,0.0,0.0,0.0,0.0,0.0,0.0,1.0,0.0,1.0,0.0,0.0,1.0
0.763043730236425,0.1503161885397279,0.2054794520547945,0.08797653696493846,2.1620447160571743,0.0009139251904222532,0.000716578304209716,-0.0044722563314607095,0.26575342465753427,0.5,0.25,2.25,0.2727272727272727,0.23333333333333334,0.8260869565217391,0.2935727355901189,0.010594077759483497,0.4580853295666357,0.5080216482719214,0.08140745315752804,0.21682974559686902,0.09835781069891394,0.23986580939334448,0.13508186458329,0.42422182944814285,0.2717020958215245,0.4505251562959749,0.40222126368581734,0.5080216482719214,0.0,0.0,0.0,0.0,0.0,0.0,0.0,0.0,0.0,0.0,1.0,0.0,1.0,0.0,0.0,1.0
0.7628779120745466,0.15027952091568852,0.41682974559686886,0.0997067418935969,2.1620495945369775,0.0009128738961081172,0.0007162327371782882,-0.0044722563314607095,0.26575342465753427,0.5,0.25,2.25,0.2727272727272727,0.23333333333333334,0.8260869565217391,0.2935727355901189,0.010594077759483497,0.4602999138614179,0.5085720381322237,0.09514886468795476,0.24266144814090035,0.11572887988838561,0.24741403405087872,0.13748566513290714,0.4265117878211209,0.2753854648419019,0.45235519575941063,0.4041657767188558,0.5085720381322237,0.0,0.0,0.0,0.0,0.0,0.0,0.0,0.0,0.0,0.0,1.0,0.0,1.0,0.0,0.0,1.0
0.7626448682403137,0.1502484089922611,0.27984344422700586,0.09286412235187948,2.162054916514945,0.0009118226017939811,0.000715656834868043,-0.0044722563314607095,0.26575342465753427,0.5,0.25,2.25,0.2727272727272727,0.23333333333333334,0.8260869565217391,0.2935727355901189,0.010594077759483497,0.46204923251887386,0.5074689577385166,0.09827191276305174,0.25831702544031326,0.12077587971879643,0.251467710371818,0.13934847307325565,0.4241777457183617,0.2783641206603037,0.45093261055819905,0.40570176382775697,0.5074689577385166,0.0,0.0,0.0,0.0,0.0,0.0,0.0,0.0,0.0,0.0,1.0,0.0,1.0,0.0,0.0,1.0
0.7621512862012425,0.15047147037183417,0.2054794520547945,0.09188660527449127,2.1620691084561905,0.0009093695817276638,0.0007131075545224469,-0.0044722563314607095,0.26575342465753427,0.5,0.25,2.25,0.2727272727272727,0.23333333333333334,0.8260869565217391,0.2935727355901189,0.010594077759483497,0.46370774172947943,0.5055004647279502,0.09931292878808406,0.27436399217221147,0.12451874523149613,0.2463579039138924,0.14105606130791054,0.4195878610846795,0.27745980724331154,0.4481541369969701,0.40715801581285205,0.5055004647279502,0.0,0.0,0.0,0.0,0.0,0.0,0.0,0.0,0.0,0.0,1.0,0.0,1.0,0.0,0.0,1.0
0.7624011364535639,0.1505961958505742,0.046966731898238745,0.10850439559009076,2.1620726564415005,0.0009111217389178905,0.0007135660624323154,-0.0044722563314607095,0.26575342465753427,0.5,0.25,2.25,0.2727272727272727,0.23333333333333334,0.8695652173913043,0.2935727355901189,0.010594077759483497,0.4663553763135123,0.5016965782944051,0.10243597686318105,0.23091976516634066,0.13030649335647015,0.22641878669275753,0.14997724408656862,0.41440584253092116,0.28164402870363037,0.4415016636088265,0.40948276812302853,0.5016965782944051,0.0,0.0,0.0,0.0,0.0,0.0,0.0,0.0,0.0,0.0,1.0,0.0,1.0,0.0,0.0,1.0
0.7622811680590054,0.15056758399242226,0.04500978473581213,0.10948191266747895,2.1620739869359937,0.0009104208760417998,0.0007132199228126565,-0.0044722563314607095,0.26575342465753427,0.5,0.25,2.25,0.2727272727272727,0.23333333333333334,0.8695652173913043,0.2935727355901189,0.010594077759483497,0.46901710645347405,0.4979348348165406,0.10701644737332329,0.19882583170254414,0.13519130629794374,0.20992705929549738,0.15243431677055627,0.40494015723120663,0.28576583566416885,0.4350306932064033,0.4118198970188586,0.4979348348165406,0.0,0.0,0.0,0.0,0.0,0.0,0.0,0.0,0.0,0.0,1.0,0.0,1.0,0.0,0.0,1.0
0.7624740158979018,0.15063925253031746,0.1898238747553816,0.0791788832684446,2.162078865415795,0.0009114721703559358,0.0007135651080317228,-0.0044722563314607095,0.26575342465753427,0.5,0.25,2.25,0.2727272727272727,0.23333333333333334,0.8695652173913043,0.2935727355901189,0.010594077759483497,0.46980933446057377,0.4959156895187558,0.10264418006818751,0.15342465753424667,0.1472913016791148,0.20619106927592795,0.15303834218768028,0.4004732978116063,0.28266831826430056,0.4319063579402847,0.4125155118521134,0.4959156895187558,0.0,0.0,0.0,0.0,0.0,0.0,0.0,0.0,0.0,0.0,1.0,0.0,1.0,0.0,0.0,1.0
0.7623923847243288,0.15081036810916792,0.12915851272015655,0.08406646865538563,2.162086848382746,0.0009114721703559358,0.0007126376573974223,-0.0044722563314607095,0.26575342465753427,0.5,0.25,2.25,0.2727272727272727,0.23333333333333334,0.8695652173913043,0.2935727355901189,0.010594077759483497,0.47088003115560645,0.4932330918314579,0.10077035122312933,0.12328767123287679,0.1547604346150372,0.1917808219178067,0.15460704896748814,0.38490910918173005,0.2846737622113942,0.42756382509735963,0.41345563577642175,0.4932330918314579,0.0,0.0,0.0,0.0,0.0,0.0,0.0,0.0,0.0,0.0,1.0,0.0,1.0,0.0,0.0,1.0
0.7625145216889633,0.1508812032919713,0.007827788649706457,0.0782013661910564,2.1620912833643846,0.0009121730332320265,0.0007125222987215215,-0.0044722563314607095,0.26575342465753427,0.5,0.25,2.25,0.2727272727272727,0.23333333333333334,0.8695652173913043,0.2935727355901189,0.010594077759483497,0.47158566061874513,0.4892120517331388,0.09785550635303882,0.08375733855185914,0.1528184600523547,0.1764514024853215,0.15403527732528116,0.37007361417697276,0.28615253706507543,0.4207248298572039,0.4140752128640051,0.4892120517331388,0.0,0.0,0.0,0.0,0.0,0.0,0.0,0.0,0.0,0.0,1.0,0.0,1.0,0.0,0.0,1.0
0.7626048271428401,0.15081175703432098,0.5694716242661448,0.058651024643292304,2.1620966053423523,0.0009121730332320265,0.0007131012555306595,-0.0044722563314607095,0.26575342465753427,0.5,0.25,2.25,0.2727272727272727,0.23333333333333334,0.8695652173913043,0.2935727355901189,0.010594077759483497,0.4711317847733873,0.4916072170724526,0.08723714289770908,0.18825831702544044,0.150079777967086,0.2071102412915835,0.1534283197626028,0.3783332114652696,0.2860720005381818,0.42612470523582785,0.4136766877327834,0.4916072170724526,0.0,0.0,0.0,0.0,0.0,0.0,0.0,0.0,0.0,0.0,1.0,0.0,1.0,0.0,0.0,1.0
0.7626038203067333,0.15071647676882466,0.5048923679060665,0.0772238491136682,2.1621014838221555,0.0009121730332320265,0.0007134486675106935,-0.0044722563314607095,0.26575342465753427,0.5,0.25,2.25,0.2727272727272727,0.23333333333333334,0.9130434782608695,0.2935727355901189,0.010594077759483497,0.47176686131799017,0.4932389923592505,0.0803664371324957,0.28023483365949137,0.1485208358580212,0.23001655870841306,0.15431969707360746,0.3760765083254028,0.2874072551113843,0.42999320017308446,0.41423431591648674,0.4932389923592505,0.0,0.0,0.0,0.0,0.0,0.0,0.0,0.0,0.0,0.0,1.0,0.0,1.0,0.0,0.0,1.0
0.7626038203067333,0.15071647676882466,0.5048923679060665,0.0772238491136682,2.1621014838221555,0.0009121730332320265,0.0007134486675106935,-0.0044722563314607095,0.26575342465753427,0.5,0.25,2.25,0.2727272727272727,0.23333333333333334,0.9130434782608695,0.2935727355901189,0.010594077759483497,0.47239161140398617,0.494844234947439,0.07995003072248277,0.3432485322896284,0.14718459977157944,0.24965054520547747,0.15475285072647363,0.3820171265461449,0.28870078302456975,0.433740804846386,0.4147828769658328,0.494844234947439,0.0,0.0,0.0,0.0,0.0,0.0,0.0,0.0,0.0,0.0,1.0,0.0,1.0,0.0,0.0,1.0
0.7625143667911006,0.15041674672080563,0.44422700587084146,0.07624633203627999,2.162115675763401,0.0009111217389178905,0.0007144955490517142,-0.0044722563314607095,0.26575342465753427,0.5,0.25,2.25,0.2727272727272727,0.23333333333333334,0.9130434782608695,0.2935727355901189,0.010594077759483497,0.47295028134934264,0.495754319011654,0.07828440508243105,0.4062622309197654,0.14589350680049612,0.2724350013698608,0.15380656866839837,0.3773348689343467,0.2938260822413387,0.44120510601471136,0.41527341642846344,0.495754319011654,0.0,0.0,0.0,0.0,0.0,0.0,0.0,0.0,0.0,0.0,1.0,0.0,1.0,0.0,0.0,1.0
0.762424138786155,0.15048285955808877,0.14677103718199608,0.08797653696493846,2.162120554243204,0.0009107713074798452,0.0007140315055141589,-0.0044722563314607095,0.26575342465753427,0.5,0.25,2.25,0.2727272727272727,0.23333333333333334,0.9130434782608695,0.2935727355901189,0.010594077759483497,0.47416667922879085,0.4933945257850952,0.0803664371324957,0.4340508806262234,0.1451892742633452,0.2640480849315048,0.1548768078794058,0.3722340140342515,0.2957939718382819,0.4374130413673726,0.41634147309965014,0.4933945257850952,0.0,0.0,0.0,0.0,0.0,0.0,0.0,0.0,0.0,0.0,1.0,0.0,1.0,0.0,0.0,1.0
0.7623466898548714,0.15050619350065936,0.273972602739726,0.0782013661910564,2.16212587622117,0.0009107713074798452,0.0007136839660895893,-0.0044722563314607095,0.26575342465753427,0.5,0.25,2.25,0.2727272727272727,0.23333333333333334,0.9565217391304348,0.2935727355901189,0.010594077759483497,0.47481262278757064,0.4924532174588406,0.08453050123262501,0.37495107632093955,0.14401555336261632,0.2689404528375713,0.15599102951272983,0.36149942673644003,0.29867765669395974,0.4412076023366499,0.41690864305186826,0.4924532174588406,0.0,0.0,0.0,0.0,0.0,0.0,0.0,0.0,0.0,0.0,1.0,0.0,1.0,0.0,0.0,1.0
0.7623895965628025,0.1505803621038299,0.0821917808219178,0.08308895157799742,2.1621303112028087,0.0009111217389178905,0.0007135660624323154,-0.0044722563314607095,0.26575342465753427,0.5,0.25,2.25,0.2727272727272727,0.23333333333333334,0.9565217391304348,0.2935727355901189,0.010594077759483497,0.47572179739499076,0.48946096293209795,0.08577972046266381,0.2904109589041098,0.1420202278543821,0.2450377410958885,0.15565676302925083,0.36210934633682046,0.3001872220023414,0.4361748160969269,0.4177069427045848,0.48946096293209795,0.0,0.0,0.0,0.0,0.0,0.0,0.0,0.0,0.0,0.0,1.0,0.0,1.0,0.0,0.0,1.0
0.7624752550808023,0.1506553640620923,0.1898238747553816,0.07429129788150357,2.1621347461844493,0.0009114721703559358,0.0007134489857310987,-0.0044722563314607095,0.26575342465753427,0.5,0.25,2.25,0.2727272727272727,0.23333333333333334,0.9565217391304348,0.2935727355901189,0.010594077759483497,0.4761284848363207,0.48766576543251333,0.0851551108476444,0.22739726027397275,0.1397901581561429,0.238607771819959,0.15654814034025552,0.35125277521408027,0.29983222290251205,0.4275205539593241,0.4180640341153305,0.48766576543251333,0.0,0.0,0.0,0.0,0.0,0.0,0.0,0.0,0.0,0.0,1.0,0.0,1.0,0.0,0.0,1.0
0.7625134374039253,0.15075258882280285,0.07632093933463796,0.07135874664933896,2.162140068162415,0.0009118226017939811,0.0007131011280861238,-0.0044722563314607095,0.26575342465753427,0.5,0.25,2.25,0.2727272727272727,0.23333333333333334,0.9565217391304348,0.2935727355901189,0.010594077759483497,0.4763673683148717,0.4846947571962172,0.08411409482261209,0.15381604696673198,0.13846776595972562,0.22778864970645615,0.15659967309386574,0.3447906755470965,0.30174921793849857,0.42421619922111564,0.4182737854616732,0.4846947571962172,0.0,0.0,0.0,0.0,0.0,0.0,0.0,0.0,0.0,0.0,1.0,0.0,1.0,0.0,0.0,1.0
0.7627081440171726,0.15083009084634064,0.4500978473581213,0.04887585386941025,2.1621484946275302,0.0009132243275461625,0.0007134494311354169,-0.0044722563314607095,0.26575342465753427,0.5,0.25,2.25,0.2727272727272727,0.23333333333333334,0.9565217391304348,0.2935727355901189,0.010594077759483497,0.4753739441913306,0.48570268866795646,0.07578596662235347,0.21448140900195706,0.13494855948171644,0.241682974559685,0.15353974192376246,0.3628412499999985,0.30372410516796605,0.42503078918217146,0.417401510624309,0.48570268866795646,0.0,0.0,0.0,0.0,0.0,0.0,0.0,0.0,0.0,0.0,1.0,0.0,1.0,0.0,0.0,1.0
0.76241840756524,0.1506739756591426,0.5420743639921721,0.0596285417206805,2.162165791055923,0.0009111217389178905,0.0007132175047545739,-0.0044722563314607095,0.26575342465753427,0.5,0.25,2.25,0.2727272727272727,0.23333333333333334,1.0,0.2935727355901189,0.010594077759483497,0.4749788081391956,0.48765570714885004,0.07183010572723061,0.26810176125244634,0.12349349500703855,0.30167093189823635,0.1520309001082668,0.3630140606565161,0.3034532135520755,0.42948743158805636,0.417054561896726,0.48765570714885004,0.0,0.0,0.0,0.0,0.0,0.0,0.0,0.0,0.0,0.0,1.0,0.0,1.0,0.0,0.0,1.0
0.7625114237317119,0.15049452652937406,0.6223091976516634,0.07135874664933896,2.162180426495331,0.0009114721703559358,0.0007141462280098722,-0.0044722563314607095,0.2684931506849315,0.6666666666666666,0.25,2.25,0.2727272727272727,0.26666666666666666,0.0,0.2935727355901189,0.010594077759483497,0.475220972173389,0.49041064834268117,0.06933166726715304,0.3761252446183955,0.12309131093320473,0.34887030782778594,0.15402257129603011,0.3755682419124627,0.3040296896355232,0.43539980744266465,0.41726719373094057,0.49041064834268117,0.0,0.0,0.0,0.0,0.0,0.0,0.0,0.0,0.0,0.0,1.0,0.0,1.0,0.0,0.0,1.0
0.7625790366487226,0.15039507948841874,0.24853228962818003,0.08797653696493846,2.162189739956773,0.0009114721703559358,0.0007148430248843275,-0.0044722563314607095,0.2684931506849315,0.6666666666666666,0.25,2.25,0.2727272727272727,0.26666666666666666,0.0,0.2935727355901189,0.010594077759483497,0.4763471303976688,0.4892796493317411,0.07224651213724355,0.3878669275929552,0.12422661913933347,0.30763209393346136,0.156738486542195,0.37338777878211066,0.30976477926349916,0.4360973153613146,0.418256015583211,0.4892796493317411,0.0,0.0,0.0,0.0,0.0,0.0,0.0,0.0,0.0,0.0,1.0,0.0,1.0,0.0,0.0,1.0
0.7622692409235876,0.15053397200371949,0.20743639921722112,0.08797653696493846,2.162199053418215,0.0009104208760417998,0.0007133364266650196,-0.0044722563314607095,0.2684931506849315,0.6666666666666666,0.25,2.25,0.2727272727272727,0.26666666666666666,0.0,0.2935727355901189,0.010594077759483497,0.47745648028817,0.4877459902301955,0.07578596662235347,0.4140900195694719,0.1261984702367832,0.2839530332680995,0.15778733548717883,0.37011083396764827,0.31305196478654485,0.4353610572046724,0.41923007889855285,0.4877459902301955,0.0,0.0,0.0,0.0,0.0,0.0,0.0,0.0,0.0,0.0,1.0,0.0,1.0,0.0,0.0,1.0
0.7624559702969127,0.15065897526749011,0.1506849315068493,0.0772238491136682,2.1622088103778214,0.0009111217389178905,0.0007132175047545739,-0.0044722563314607095,0.2684931506849315,0.6666666666666666,0.25,2.25,0.2727272727272727,0.26666666666666666,0.043478260869565216,0.2935727355901189,0.010594077759483497,0.4779835517604671,0.4856599776382329,0.08182385956754097,0.3542074363992174,0.12360585119759589,0.28549684716242435,0.15815203306226217,0.36519104614652553,0.31605938980564546,0.4279984758978789,0.42282490971388376,0.48928430582556726,0.0,0.0,0.0,0.0,0.0,0.0,0.0,0.0,0.0,0.0,1.0,0.0,1.0,0.0,0.0,1.0
0.762424138786155,0.1508439800978707,0.5264187866927592,0.06842619541717435,2.1622216718245753,0.0009114721703559358,0.0007125217897252469,-0.0044722563314607095,0.2684931506849315,0.6666666666666666,0.25,2.25,0.2727272727272727,0.26666666666666666,0.043478260869565216,0.2935727355901189,0.010594077759483497,0.47804331328982813,0.48738403336756037,0.08369768841259914,0.3510763209393349,0.12042376345843703,0.3925076880626192,0.1579966284787859,0.3722340140342515,0.31815759335093413,0.4264097083513622,0.42285457172676894,0.4909942855260698,0.0,0.0,0.0,0.0,0.0,0.0,0.0,0.0,0.0,0.0,1.0,0.0,1.0,0.0,0.0,1.0
0.7625273782115563,0.15073758843115037,0.3972602739726027,0.08797653696493846,2.1622309852860173,0.0009118226017939811,0.0007132169957582993,-0.0044722563314607095,0.2684931506849315,0.6666666666666666,0.25,2.25,0.2727272727272727,0.26666666666666666,0.08695652173913043,0.2935727355901189,0.010594077759483497,0.4791159899849132,0.48779323755334714,0.08723714289770908,0.3060665362035227,0.12981353058210773,0.3849594632093903,0.1625092261035255,0.37613750023786713,0.3196808479762172,0.4278896326265678,0.4237804976629421,0.49137995265346296,0.0,0.0,0.0,0.0,0.0,0.0,0.0,0.0,0.0,0.0,1.0,0.0,1.0,0.0,0.0,1.0
0.7623595463774644,0.1505848066643195,0.4461839530332681,0.08797653696493846,2.1622402987474594,0.0009107713074798452,0.0007133347724922829,-0.0044722563314607095,0.2684931506849315,0.6666666666666666,0.25,2.25,0.2727272727272727,0.26666666666666666,0.08695652173913043,0.2935727355901189,0.010594077759483497,0.48017312063791984,0.4886814877104692,0.08723714289770908,0.34559686888454033,0.13207294329793556,0.3926125244618365,0.1669573161784311,0.3780234362511877,0.3211599502398698,0.4302673414971865,0.4246929064646546,0.4922485057399715,0.0,0.0,0.0,0.0,0.0,0.0,0.0,0.0,0.0,0.0,1.0,0.0,1.0,0.0,0.0,1.0
0.7623954052326488,0.15044258072865158,0.5088062622309197,0.08504398573277383,2.1622504992052285,0.0009107713074798452,0.0007141480096271445,-0.0044722563314607095,0.2684931506849315,0.6666666666666666,0.25,2.25,0.2727272727272727,0.26666666666666666,0.08695652173913043,0.2935727355901189,0.010594077759483497,0.4810651605921083,0.49017326058725136,0.08661253328268967,0.4058708414872801,0.1374133733535286,0.3884540117416799,0.16665443174798436,0.36612492602283386,0.3223959644468135,0.4337639859800943,0.4254595362385856,0.4937252407170353,0.0,0.0,0.0,0.0,0.0,0.0,0.0,0.0,0.0,0.0,1.0,0.0,1.0,0.0,0.0,1.0
0.7624499292802726,0.15035785629431814,0.22896281800391388,0.04887585386941025,2.1622615866593264,0.0009107713074798452,0.0007144977760733049,-0.0044722563314607095,0.2684931506849315,0.6666666666666666,0.25,2.25,0.2727272727272727,0.26666666666666666,0.13043478260869565,0.2935727355901189,0.010594077759483497,0.4801091397334471,0.4889092878109667,0.08057464033750217,0.421526418786693,0.13268914676588858,0.33928571428571164,0.1643055320779745,0.3506313163653649,0.32115516767380486,0.431933008740804,0.4245920435964546,0.4924266207782819,0.0,0.0,0.0,0.0,0.0,0.0,0.0,0.0,0.0,0.0,1.0,0.0,1.0,0.0,0.0,1.0
0.7623724803489889,0.15068203142503006,0.19960861056751467,0.0,2.1623015014940794,0.0009107713074798452,0.0007129860876306282,-0.0044722563314607095,0.2684931506849315,0.6666666666666666,0.25,2.25,0.2727272727272727,0.26666666666666666,0.17391304347826086,0.2935727355901189,0.010594077759483497,0.4767041103376819,0.48737844926932405,0.06600041598704957,0.35616438356164404,0.10417946631526113,0.35616438356164104,0.1664933643508559,0.3457931222645085,0.32438226379052415,0.43226102284725143,0.4215592432820026,0.4908597239910986,0.0,0.0,0.0,0.0,0.0,0.0,0.0,0.0,0.0,0.0,1.0,0.0,1.0,0.0,0.0,1.0
0.7624212731756975,0.15062175207338951,0.5596868884540117,0.0997067418935969,2.162319684918799,0.0009111217389178905,0.0007134498129477784,-0.0044722563314607095,0.2684931506849315,0.6666666666666666,0.25,2.25,0.2727272727272727,0.26666666666666666,0.21739130434782608,0.2935727355901189,0.010594077759483497,0.4783353021864527,0.4893380498597788,0.06849885444712717,0.38864970645792585,0.10812316851016063,0.3886497064579226,0.17282532674403142,0.35721081969552654,0.3293889001585714,0.43713344214625627,0.42298046307116083,0.49280853251327583,0.0,0.0,0.0,0.0,0.0,0.0,0.0,0.0,0.0,0.0,1.0,0.0,1.0,0.0,0.0,1.0
0.7628113834425738,0.15026063153360758,0.009784735812133072,0.0977517077388205,2.1623360943508647,0.0009125234646700719,0.0007161183967555593,-0.0044722563314607095,0.2684931506849315,0.6666666666666666,0.25,2.25,0.2727272727272727,0.26666666666666666,0.21739130434782608,0.2935727355901189,0.010594077759483497,0.4798465550737126,0.48600970912984565,0.07058088649719182,0.30136986301369884,0.10352218261611122,0.2495107632093914,0.17688596239446014,0.3505764816841089,0.33149814084535517,0.4307068958892247,0.4242957845041971,0.48943231293961303,0.0,0.0,0.0,0.0,0.0,0.0,0.0,0.0,0.0,0.0,1.0,0.0,1.0,0.0,0.0,1.0
0.7635061003561889,0.1502403532263737,0.557729941291585,0.10068425897098512,2.1623498427939456,0.0009160277790505253,0.0007181972704586108,-0.0044722563314607095,0.2684931506849315,0.6666666666666666,0.25,2.25,0.2727272727272727,0.26666666666666666,0.2608695652173913,0.2935727355901189,0.010594077759483497,0.48148149421424935,0.4879330075937731,0.07391213777729527,0.3111545988258319,0.12529470515045207,0.33170254403130855,0.17778061681571014,0.36603794695527914,0.3337542395011873,0.43532230670705235,0.4257206307568544,0.491345126395078,0.0,0.0,0.0,0.0,0.0,0.0,0.0,0.0,0.0,0.0,1.0,0.0,1.0,0.0,0.0,1.0
0.7634662141565778,0.14971172831313911,0.5675146771037182,0.0967741906614323,2.1623702437094856,0.0009146260532983439,0.0007201815287128434,-0.0044722563314607095,0.2684931506849315,0.6666666666666666,0.25,2.25,0.2727272727272727,0.26666666666666666,0.30434782608695654,0.25461266849649283,0.0219549366490233,0.4829023116130023,0.4899220904774663,0.08411409482261209,0.3788649706457928,0.13277130722828234,0.3788649706457896,0.17605920583263696,0.37679888201712497,0.3356683359256662,0.4399928728688871,0.42695631072462337,0.49332432714624835,0.0,0.0,0.0,0.0,0.0,0.0,0.0,0.0,0.0,0.0,1.0,0.0,1.0,0.0,0.0,1.0
0.7638737504329929,0.14957783592838914,0.060665362035225046,0.10654936143531435,2.162383548654402,0.0009167286419266159,0.0007221466345813972,-0.0044722563314607095,0.2684931506849315,0.6666666666666666,0.25,2.25,0.2727272727272727,0.26666666666666666,0.30434782608695654,0.25461266849649283,0.0219549366490233,0.4847793127043964,0.4871348782876149,0.10680824416831683,0.3510763209393349,0.16859326883195258,0.3510763209393319,0.17700977616879465,0.368473477640341,0.33820607997719837,0.4347826086542613,0.4285954683237294,0.4904944293588287,0.0,0.0,0.0,0.0,0.0,0.0,0.0,0.0,0.0,0.0,1.0,0.0,1.0,0.0,0.0,1.0
0.7644069863248815,0.1494903336437497,0.6692759295499021,0.10263929312576153,2.1623933056140086,0.0009195320934309787,0.0007241074135906827,-0.0044722563314607095,0.2684931506849315,0.6666666666666666,0.25,2.25,0.2727272727272727,0.26666666666666666,0.34782608695652173,0.25461266849649283,0.0219549366490233,0.4864418118456633,0.4900493187173137,0.10743285378333622,0.37299412915851293,0.1692505525311025,0.40410958904109273,0.1734564537144865,0.40810339367269094,0.34876153729993387,0.4435054852444821,0.4300451152476953,0.4934058208746384,0.0,0.0,0.0,0.0,0.0,0.0,0.0,0.0,0.0,0.0,1.0,0.0,1.0,0.0,0.0,1.0
0.7647369187721502,0.14951894550190165,0.06262230919765166,0.10557184435792615,2.162401732079122,0.0009209338191831601,0.0007249116157158921,-0.0044722563314607095,0.2684931506849315,0.6666666666666666,0.25,2.25,0.2727272727272727,0.26666666666666666,0.34782608695652173,0.25461266849649283,0.0219549366490233,0.4882226105039532,0.48731700036281117,0.10909847942338795,0.3835616438356167,0.17089376177897728,0.3212654925635982,0.1754119126917252,0.40294957183634467,0.35344752515526545,0.43930562284725144,0.4310892181988127,0.4897202667806392,0.0,0.0,0.0,0.0,0.0,0.0,0.0,0.0,0.0,0.0,1.0,0.0,1.0,0.0,0.0,1.0
0.7651714847255833,0.14946977755148516,0.5675146771037182,0.10068425897098512,2.1624114890387283,0.0009230364078114321,0.0007262960467499918,-0.0044722563314607095,0.2684931506849315,0.6666666666666666,0.25,2.25,0.2727272727272727,0.26666666666666666,0.34782608695652173,0.25461266849649283,0.0219549366490233,0.48974647082210276,0.48925681928727166,0.10909847942338795,0.3855185909980433,0.17065901767113267,0.3564439473581185,0.17674052595866624,0.4348895960989515,0.3534074124431855,0.43454729805279013,0.43242907926656615,0.49167012899717655,0.0,0.0,0.0,0.0,0.0,0.0,0.0,0.0,0.0,0.0,1.0,0.0,1.0,0.0,0.0,1.0
0.7655121051253693,0.14938671982733537,0.5772994129158513,0.10166177604837333,2.1624208025001703,0.0009247885650016588,0.0007277966003453382,-0.0044722563314607095,0.2684931506849315,0.6666666666666666,0.25,2.25,0.2727272727272727,0.26666666666666666,0.3913043478260869,0.25461266849649283,0.0219549366490233,0.491296309335385,0.4912600095214971,0.11013949544842028,0.3874755381604699,0.1715979942668319,0.437517472798431,0.18065865860076752,0.4219966874405311,0.3562749572571735,0.43454729805279013,0.4337920338104666,0.49368408345816184,0.0,0.0,0.0,0.0,0.0,0.0,0.0,0.0,0.0,0.0,1.0,0.0,1.0,0.0,0.0,1.0
0.7659910493164279,0.1492669944791461,0.6281800391389432,0.10459432728053793,2.162433663946924,0.0009268911536299309,0.0007296432932997209,-0.0044722563314607095,0.2684931506849315,0.6666666666666666,0.25,2.25,0.2727272727272727,0.26666666666666666,0.3913043478260869,0.25461266849649283,0.0219549366490233,0.4929635892406674,0.4936976195221688,0.10972308903840734,0.5009784735812136,0.17253697102685206,0.44758177240704144,0.18250950454227852,0.43419532421503154,0.3581230718330375,0.4398725462570308,0.43525946341777294,0.4961381443155722,0.0,0.0,0.0,0.0,0.0,0.0,0.0,0.0,0.0,0.0,1.0,0.0,1.0,0.0,0.0,1.0
0.7664249182294796,0.14881642715951054,0.5772994129158513,0.0977517077388205,2.162454064862464,0.0009286433108201576,0.0007329994476751895,-0.0044722563314607095,0.2684931506849315,0.6666666666666666,0.25,2.25,0.2727272727272727,0.26666666666666666,0.43478260869565216,0.25461266849649283,0.0219549366490233,0.49428912128967367,0.4956452362132252,0.10868207301337501,0.4825831702544034,0.1727717151346966,0.4489795917808184,0.18495382826382686,0.478215191960036,0.36096982637156755,0.4361748160969269,0.4364227743594682,0.498095458956804,0.0,0.0,0.0,0.0,0.0,0.0,0.0,0.0,0.0,0.0,1.0,0.0,1.0,0.0,0.0,1.0
0.7668504226579524,0.14901171003602331,0.03131115459882583,0.10654936143531435,2.1624726917853483,0.0009307458994484297,0.0007333362976567471,-0.0044722563314607095,0.2684931506849315,0.6666666666666666,0.25,2.25,0.2727272727272727,0.26666666666666666,0.4782608695652174,0.25461266849649283,0.0219549366490233,0.4960058228629321,0.49268567994271606,0.10889027621838149,0.47632093933463826,0.1727717151346966,0.44478613365948777,0.1916727664068489,0.47284160014271914,0.3592590689243753,0.4378191258329719,0.4414388709395683,0.4978270332633374,0.0,0.0,0.0,0.0,0.0,0.0,0.0,0.0,0.0,0.0,1.0,0.0,1.0,0.0,0.0,1.0
0.7669694616653355,0.1483350257014781,0.6418786692759295,0.09090908819710307,2.162483335741282,0.0009307458994484297,0.0007365884192401373,-0.0044722563314607095,0.2684931506849315,0.6666666666666666,0.25,2.25,0.2727272727272727,0.26666666666666666,0.4782608695652174,0.25461266849649283,0.0219549366490233,0.4969787288609296,0.4951882316218306,0.10680824416831683,0.49119373776908054,0.16870281616991786,0.5039138943248493,0.19210573841930345,0.4856485887250217,0.3637597351914246,0.4451957844223271,0.4437531212982809,0.5037442565967591,0.0,0.0,0.0,0.0,0.0,0.0,0.0,0.0,0.0,0.0,1.0,0.0,1.0,0.0,0.0,1.0
0.7681295692070348,0.14808946373442644,0.700587084148728,0.0977517077388205,2.1625090586347895,0.0009360023710191098,0.0007410741088020586,-0.0044722563314607095,0.2684931506849315,0.6666666666666666,0.25,2.25,0.2727272727272727,0.26666666666666666,0.5217391304347826,0.25461266849649283,0.0219549366490233,0.49825270139468103,0.49817663464939654,0.10597543134829096,0.515851272015656,0.16727870143365275,0.5158512720156516,0.19732358770712818,0.49044200333015964,0.3712433481890949,0.4560050134141056,0.44624192178300515,0.5056018148125597,0.0,0.0,0.0,0.0,0.0,0.0,0.0,0.0,0.0,0.0,1.0,0.0,1.0,0.0,0.0,1.0
0.7680391863042266,0.1479133480250251,0.5244618395303327,0.08797653696493846,2.1625183720962315,0.0009356519395810644,0.0007415451513641681,-0.0044722563314607095,0.2684931506849315,0.6666666666666666,0.25,2.25,0.2727272727272727,0.26666666666666666,0.5217391304347826,0.25461266849649283,0.0219549366490233,0.499065184193984,0.49958226185497956,0.10243597686318105,0.49510763209393377,0.1616917899908785,0.4951076320939296,0.19732358770712818,0.5079577890104641,0.37209920511775163,0.46006938070099435,0.44693475003082916,0.5070332516404141,0.0,0.0,0.0,0.0,0.0,0.0,0.0,0.0,0.0,0.0,1.0,0.0,1.0,0.0,0.0,1.0
0.7682974010411266,0.14760333993087382,0.06457925636007827,0.06842619541717435,2.162535668524624,0.0009363528024571551,0.0007435175108857245,-0.0044722563314607095,0.2684931506849315,0.6666666666666666,0.25,2.25,0.2727272727272727,0.26666666666666666,0.5652173913043478,0.2445486428789265,0.021814744776758745,0.4989826741917979,0.4969629053718931,0.09618988071298709,0.3925636007827791,0.15183253450362982,0.3925636007827758,0.196434742715499,0.5032004150808732,0.3713645375350286,0.45382951103418345,0.4498187316223071,0.5026016171543741,0.0,0.0,0.0,0.0,0.0,0.0,0.0,0.0,0.0,0.0,1.0,0.0,1.0,0.0,0.0,1.0
0.7684006404665278,0.14782084560983483,0.24266144814090018,0.0782013661910564,2.1625449819860663,0.0009370536653332458,0.0007428102789360832,-0.0044722563314607095,0.2684931506849315,0.6666666666666666,0.25,2.25,0.2727272727272727,0.26666666666666666,0.5652173913043478,0.2445486428789265,0.021814744776758745,0.4993407305207284,0.49591856121067684,0.09015198776779959,0.43483365949119396,0.14843656871921124,0.36757990861056467,0.19742234824968288,0.48752270575642037,0.3769096231482177,0.45318044136737257,0.45109508268858317,0.49698784441132415,0.0,0.0,0.0,0.0,0.0,0.0,0.0,0.0,0.0,0.0,1.0,0.0,1.0,0.0,0.0,1.0
0.7677810490162579,0.14785779101890478,0.28180039138943247,0.06842619541717435,2.1625609479199657,0.0009338997823908377,0.0007408648980414395,-0.0044722563314607095,0.2684931506849315,0.6666666666666666,0.25,2.25,0.2727272727272727,0.26666666666666666,0.6086956521739131,0.25461266849649283,0.0219549366490233,0.49925752544907964,0.49522409203197204,0.08536331405265087,0.36281800391389457,0.13775570860802513,0.4093281148727952,0.1954424342807475,0.47822935061845656,0.3819477219884837,0.45153246438771005,0.44852818537277395,0.49387307489242327,0.0,0.0,0.0,0.0,0.0,0.0,0.0,0.0,0.0,0.0,1.0,0.0,1.0,0.0,0.0,1.0
0.7680896055584923,0.1482491901270223,0.06653620352250489,0.0782013661910564,2.1625804618391786,0.0009360023710191098,0.0007401467217597145,-0.0044722563314607095,0.2684931506849315,0.6666666666666666,0.25,2.25,0.2727272727272727,0.26666666666666666,0.6521739130434783,0.25461266849649283,0.0219549366490233,0.49960938823617934,0.49269781857670264,0.08119924995252156,0.23600782778864984,0.1341954219152512,0.31343770391389186,0.194718190222346,0.45263014819219605,0.3806337503755022,0.4251064701860658,0.44643463099480496,0.4901824892472301,0.0,0.0,0.0,0.0,0.0,0.0,0.0,0.0,0.0,0.0,1.0,0.0,1.0,0.0,0.0,1.0
0.7680133958101092,0.1484366950226783,0.27984344422700586,0.0782013661910564,2.162590218798785,0.0009356519395810644,0.0007391044852983672,-0.0044722563314607095,0.2684931506849315,0.6666666666666666,0.25,2.25,0.2727272727272727,0.26666666666666666,0.6521739130434783,0.25461266849649283,0.0219549366490233,0.4999568800509411,0.4920153531077066,0.0791172179024569,0.18708414872798446,0.12871805774471384,0.24331376379647557,0.19782209336392403,0.4555751891056118,0.3832644803584428,0.4268828713111199,0.4467199431355884,0.4894420641634615,0.0,0.0,0.0,0.0,0.0,0.0,0.0,0.0,0.0,0.0,1.0,0.0,1.0,0.0,0.0,1.0
0.767471563086848,0.14855697594092876,0.3522504892367906,0.08211143450060923,2.1626044107400304,0.0009331989195147471,0.0007370322288075082,-0.0044722563314607095,0.2684931506849315,0.6666666666666666,0.25,2.25,0.2727272727272727,0.26666666666666666,0.6956521739130435,0.25461266849649283,0.0219549366490233,0.5004715495784651,0.49195274235324576,0.08203206277254743,0.24461839530332696,0.12707484849683906,0.21461187221134864,0.19712606660029136,0.45432921027592577,0.38688173416699106,0.42697396901774043,0.44473819900412276,0.48775074015373,0.0,0.0,0.0,0.0,0.0,0.0,0.0,0.0,0.0,0.0,1.0,0.0,1.0,0.0,0.0,1.0
0.7667223221256091,0.14847002922635044,0.136986301369863,0.08699901988755025,2.162628803139045,0.0009293441736962483,0.0007350877387215008,-0.0044722563314607095,0.2684931506849315,0.6666666666666666,0.25,2.25,0.2727272727272727,0.26666666666666666,0.6956521739130435,0.25461266849649283,0.0219549366490233,0.5011929239725764,0.4900842890020112,0.08390589161760563,0.22348336594911952,0.13244266537870739,0.22348336594911763,0.20591575593057365,0.45086930185537394,0.3918965632819052,0.42169031397663265,0.44652909105797794,0.4858973846685595,0.0,0.0,0.0,0.0,0.0,0.0,0.0,0.0,0.0,0.0,1.0,0.0,1.0,0.0,0.0,1.0
0.7667742129095692,0.14858947678950907,0.2583170254403131,0.0782013661910564,2.1626341251170107,0.0009296946051342936,0.0007348499584925658,-0.0044722563314607095,0.2684931506849315,0.6666666666666666,0.25,2.25,0.2727272727272727,0.26666666666666666,0.7391304347826086,0.25461266849649283,0.0219549366490233,0.5015244035646917,0.4892506842482343,0.08598792366767027,0.21878669275929563,0.13227834445391992,0.22928897592954814,0.20452022635770306,0.44491788368220553,0.39160315750934455,0.4203285634790126,0.44994031406415974,0.4853732033138101,0.0,0.0,0.0,0.0,0.0,0.0,0.0,0.0,0.0,0.0,1.0,0.0,1.0,0.0,0.0,1.0
0.7664617839207706,0.14888587341716086,0.17416829745596868,0.09384163942926768,2.162652308541732,0.0009286433108201576,0.000732650254077883,-0.0044722563314607095,0.2684931506849315,0.6666666666666666,0.25,2.25,0.2727272727272727,0.26666666666666666,0.7391304347826086,0.25461266849649283,0.0219549366490233,0.5025252658134298,0.48772952331104263,0.08931917494777372,0.2403131115459884,0.13939891785589992,0.21135029354207271,0.20395342666549166,0.4245439127021866,0.40391541745197707,0.4224052668109035,0.4509189387210711,0.4818912735132503,0.0,0.0,0.0,0.0,0.0,0.0,0.0,0.0,0.0,0.0,1.0,0.0,1.0,0.0,0.0,1.0
