lat_x,lon_x,course,speed,timestamp,distance_from_shore,distance_from_port,mmsi,doy,dow,season,year,month,day,hour,sst,precip,speed_expand_mean,course_expand_mean,speed_rolling_mean,course_rolling_mean,speed_rolling_mean_3h,course_rolling_mean_3h,speed_rolling_mean_12h,course_rolling_mean_12h,speed_rolling_mean_1d,course_rolling_mean_1d,speed_rolling_mean_3d,course_rolling_mean_3d,source_crowd_sourced,source_dalhousie_longliner,source_dalhousie_ps,source_dalhousie_trawl,source_false_positives,source_gfw,gear_type_drifting_longlines,gear_type_fixed_gear,gear_type_pole_and_line,gear_type_purse_seines,gear_type_trawlers,gear_type_trollers,hemisphere_ns_north,hemisphere_ns_south,hemisphere_ew_east,hemisphere_ew_west,adjust_time_date,pred,flag_registry,length_m_registry,tonnage_gt_registry,engine_power_kw_registry
49.231300000000005,-124.59780730756728,0.0,0.0,1617670980.0,1654.0,1673.109375,16821130922.97522,96.00000000000001,1.0,1.0,2021.0,4.0,6.0,1.0,-0.2523243463483532,2.063272000000001,0.0,0.0,1.9936040443072385,71.29549902152657,0.0,0.0,0.0,0.0,0.0,0.0,0.0,0.0,0.0,0.0,0.0,0.0,0.0,0.0,0.0,0.0,0.0,0.0,2.0,0.0,1.0,0.0,0.0,1.0,"2021-04-06, 01:03:00",0.0,CAN,56,1874,450
48.26645,-125.5324471160324,164.14872798434442,8.3,1617696780.0,2602.9999999999995,2737.9211430000005,16821130922.97522,96.00000000000001,1.0,1.0,2021.0,4.0,6.0,7.999999999999999,7.6893711248856365,0.25889286,3.735960743458368,109.98442152931977,1.9936040443072385,71.29549902152657,5.141766215778628,164.148727984345,2.3495305516370206,99.76213130352015,3.5393266518618622,108.88792730419993,3.790066524278144,112.27627404411173,0.0,0.0,0.0,0.0,0.0,0.0,0.0,0.0,0.0,0.0,2.0,0.0,1.0,0.0,0.0,1.0,"2021-04-06, 08:13:00",1.0,CAN,56,1874,450
48.24845,-125.54263011757733,83.83561643835615,0.8,1617705240.0,2599.9999999999995,2736.5893549999996,16821130922.97522,96.00000000000001,1.0,1.0,2021.0,4.0,6.0,10.0,7.6893711248856365,0.25889286,2.7307022298582484,110.77114840435512,1.9936040443072385,71.29549902152657,2.8186790700955133,123.99217221135076,1.7173275516102295,100.47573736441451,2.5869777131247895,109.66681087321767,2.770249427079602,113.07939471330386,0.0,0.0,0.0,0.0,0.0,0.0,0.0,0.0,0.0,0.0,2.0,0.0,1.0,0.0,0.0,1.0,"2021-04-06, 10:34:00",1.0,CAN,56,1874,450
48.24333000000001,-125.52406111476013,69.04109589041096,5.0,1617706740.0,2599.9999999999995,2734.8103029999997,16821130922.97522,96.00000000000001,1.0,1.0,2021.0,4.0,6.0,10.0,7.6893711248856365,0.25889286,3.173316053178494,106.20813237809848,1.9936040443072385,71.29549902152657,2.9116025559228387,105.67514677103756,1.9956855890410834,96.33682207421472,3.0062955295935097,105.14928602336903,3.2192733730314353,108.4212946777903,0.0,0.0,0.0,0.0,0.0,0.0,0.0,0.0,0.0,0.0,2.0,0.0,1.0,0.0,0.0,1.0,"2021-04-06, 10:59:00",1.0,CAN,56,1874,450
48.266189999999995,-125.51886978063922,39.45205479452054,9.3,1617707340.0,2602.9999999999995,2737.4763179999995,16821130922.97522,96.00000000000001,1.0,1.0,2021.0,4.0,6.0,11.0,7.6893711248856365,0.25889286,4.213083440815701,95.54011552589837,1.9936040443072385,71.29549902152657,3.624015947265661,89.11937377690835,2.649591079918374,86.66032350142694,3.991337043545425,94.58762440502177,4.274099116535353,97.53097796793224,0.0,0.0,0.0,0.0,0.0,0.0,0.0,0.0,0.0,0.0,2.0,0.0,1.0,0.0,0.0,1.0,"2021-04-06, 11:09:00",1.0,CAN,56,1874,450
48.2866,-125.49451044361021,68.33659491193737,4.9,1617707940.0,2605.0,2737.922607,16821130922.97522,96.00000000000001,1.0,1.0,2021.0,4.0,6.0,11.0,7.6893711248856365,0.25889286,4.246091929612198,94.87926492443464,2.4110681390553363,84.96281800391407,3.0974495275774876,65.16634050880648,2.670349984579387,86.06089438629849,4.022608203002785,93.93336218087634,4.3075856483795825,96.85635657882598,0.0,0.0,0.0,0.0,0.0,0.0,0.0,0.0,0.0,0.0,2.0,0.0,1.0,0.0,0.0,1.0,"2021-04-06, 11:19:00",1.0,CAN,56,1874,450
48.27537999999999,-125.49690644397371,156.39921722113502,4.0,1617708540.0,2604.000000000001,2737.0329589999997,16821130922.97522,96.00000000000001,1.0,1.0,2021.0,4.0,6.0,11.0,7.6893711248856365,0.25889286,4.15392537026621,111.26566253180148,2.044722096725373,83.41291585127217,2.973551546474388,83.41291585127229,2.6123868094036724,100.92428982873422,3.935292628160397,110.1563949216816,4.214084293514765,113.58421351327411,0.0,0.0,0.0,0.0,0.0,0.0,0.0,0.0,0.0,0.0,2.0,0.0,1.0,0.0,0.0,1.0,"2021-04-06, 11:29:00",1.0,CAN,56,1874,450
48.248329999999996,-125.54562511803172,180.35225048923678,4.0,1617711240.0,2599.9999999999995,2736.5893549999996,16821130922.97522,96.00000000000001,1.0,1.0,2021.0,4.0,6.0,12.0,7.6893711248856365,0.25889286,4.0848004514318905,127.56776788969384,2.3173517096220895,102.71624266144835,2.8909528926121517,99.56947160078316,2.568914428446501,115.71122740247347,3.8698059476682407,126.29597576806883,4.143958278051103,130.2260217185459,0.0,0.0,0.0,0.0,0.0,0.0,0.0,0.0,0.0,0.0,2.0,0.0,1.0,0.0,0.0,1.0,"2021-04-06, 12:14:00",1.0,CAN,56,1874,450
48.24333000000001,-125.61221396146755,195.85127201565555,0.0,1617714660.0,2598.0,2738.826172,16821130922.97522,96.00000000000001,1.0,1.0,2021.0,4.0,6.0,13.0,7.6893711248856365,0.25889286,3.6309337343060477,142.5549154586033,1.8913679394709708,128.07827788649732,2.47795962206199,113.32401456751508,2.568914428446501,145.46860133206425,3.4398275087541528,141.13370835136644,3.6835184690743352,145.52547107863407,0.0,0.0,0.0,0.0,0.0,0.0,0.0,0.0,0.0,0.0,2.0,0.0,1.0,0.0,0.0,1.0,"2021-04-06, 13:11:00",1.0,CAN,56,1874,450
48.245340000000006,-125.62339529649725,193.73776908023484,4.3,1617716040.0,2599.0000000000005,2740.159668,16821130922.97522,96.00000000000001,1.0,1.0,2021.0,4.0,6.0,13.0,7.6893711248856365,0.25889286,3.6549399080580662,154.26141182738925,1.4653841693198513,158.93542074364024,2.787704574819739,129.02432202739772,2.553974307740656,155.47098005708798,3.4625701702552196,152.72349632194224,3.7078723104986175,157.47590711423052,0.0,0.0,0.0,0.0,0.0,0.0,0.0,0.0,0.0,0.0,2.0,0.0,1.0,0.0,0.0,1.0,"2021-04-06, 13:34:00",1.0,CAN,56,1874,450
48.26575,-125.62818729722427,243.0528375733855,8.0,1617716640.0,2600.9999999999995,2742.3793950000004,16821130922.97522,96.00000000000001,1.0,1.0,2021.0,4.0,6.0,13.0,7.6893711248856365,0.25889286,3.977386464942054,169.84718704293823,1.729494106813545,193.87866927592992,3.0587314084827693,143.27788649706508,2.7514984291460047,169.4671741198853,3.768045460534674,168.15388850887467,4.03498867628341,173.38645830828673,0.0,0.0,0.0,0.0,0.0,0.0,0.0,0.0,0.0,0.0,2.0,0.0,1.0,0.0,0.0,1.0,"2021-04-06, 13:44:00",1.0,CAN,56,1874,450
48.297109999999996,-125.64735530013235,212.05479452054792,8.6,1617717480.0,2604.000000000001,2745.9321289999993,16821130922.97522,96.00000000000001,1.0,1.0,2021.0,4.0,6.0,13.0,7.6893711248856365,0.25889286,4.291103504834588,179.37373468301075,2.121399175352575,205.00978473581253,3.3108293836463853,150.9197651506855,2.943990088798194,177.49329645099849,4.065250692784255,177.58546083946771,4.353249100479319,183.11151990026804,0.0,0.0,0.0,0.0,0.0,0.0,0.0,0.0,0.0,0.0,2.0,0.0,1.0,0.0,0.0,1.0,"2021-04-06, 13:58:00",1.0,CAN,56,1874,450
48.30472,-125.69567464079643,174.01174168297456,8.8,1617718320.0,2604.000000000001,2747.719971,16821130922.97522,96.00000000000001,1.0,1.0,2021.0,4.0,6.0,14.000000000000002,7.6893711248856365,0.25889286,4.570406099573462,183.5131285748352,2.53034359469765,203.7416829745601,3.2987837468700243,177.9745596868891,3.1138356708442436,180.32825877259702,4.3298528086454535,181.68358687321944,4.636596674812744,187.33717037433186,0.0,0.0,0.0,0.0,0.0,0.0,0.0,0.0,0.0,0.0,2.0,0.0,1.0,0.0,0.0,1.0,"2021-04-06, 14:12:00",1.0,CAN,56,1874,450
48.2829,-125.6728128039946,95.81213307240704,10.5,1617718920.0,2602.0000000000005,2745.053955,16821130922.97522,96.00000000000001,1.0,1.0,2021.0,4.0,6.0,14.000000000000002,7.6893711248856365,0.25889286,4.9191221490468395,179.5760358740537,3.424909512015,183.73385518591033,3.7324266807308732,181.40900195694783,3.3315864172748784,175.415355299714,4.6602149544453555,177.78574518044564,4.990362979210288,183.31803663826744,0.0,0.0,0.0,0.0,0.0,0.0,0.0,0.0,0.0,0.0,2.0,0.0,1.0,0.0,0.0,1.0,"2021-04-06, 14:22:00",1.0,CAN,56,1874,450
48.23332999999998,-125.56728895465177,65.51859099804305,6.999999999999999,1617720780.0,2598.0,2735.705566,16821130922.97522,96.00000000000001,1.0,1.0,2021.0,4.0,6.0,14.000000000000002,7.6893711248856365,0.25889286,5.011288708392829,173.45754831462833,3.654940747896605,158.09001956947193,3.964735395299184,170.0489236790613,3.3766919286108963,168.57414710751613,4.747530529287745,171.7282561350106,5.0838643340751055,177.0720521942396,0.0,0.0,0.0,0.0,0.0,0.0,0.0,0.0,0.0,0.0,2.0,0.0,1.0,0.0,0.0,1.0,"2021-04-06, 14:53:00",1.0,CAN,56,1874,450
48.262840000000004,-125.5939444586958,228.2583170254403,13.3,1617721440.0,2600.9999999999995,2739.7065430000002,16821130922.97522,96.00000000000001,1.0,1.0,2021.0,4.0,6.0,15.0,7.6893711248856365,0.25889286,5.446400601909187,181.73391540252408,4.1064835442567915,155.13111545988286,4.439677656400896,176.5166340821924,3.6535671869351956,175.83254040913363,5.159741263557655,179.92211163998704,5.525277704068137,185.52088200421895,0.0,0.0,0.0,0.0,0.0,0.0,0.0,0.0,0.0,0.0,2.0,0.0,1.0,0.0,0.0,1.0,"2021-04-06, 15:04:00",1.0,CAN,56,1874,450
48.34122999999999,-125.67680613793382,203.60078277886493,7.4,1617723180.0,2609.0,2750.3710940000005,16821130922.97522,96.00000000000001,1.0,1.0,2021.0,4.0,6.0,15.0,7.6893711248856365,0.25889286,5.517889574585992,187.09291398852568,4.004247439420523,153.4403131115463,4.67370717578048,179.09980428962882,3.687064510249661,180.31041864890526,5.227467571108472,185.22768346863273,5.597802010612799,190.99155126335148,0.0,0.0,0.0,0.0,0.0,0.0,0.0,0.0,0.0,0.0,2.0,0.0,1.0,0.0,0.0,1.0,"2021-04-06, 15:33:00",1.0,CAN,56,1874,450
48.36876999999999,-125.66402746932842,236.0078277886497,9.4,1617724140.0,2611.999999999999,2752.5864260000003,16821130922.97522,96.00000000000001,1.0,1.0,2021.0,4.0,6.0,15.0,7.6893711248856365,0.25889286,5.681461050192754,194.26909746714077,4.055365491838657,165.83953033268136,4.788656969634796,184.79060665362104,3.7832270823375884,186.57860857278726,5.382429821210562,192.33232369018208,5.763742398265288,198.31727186661917,0.0,0.0,0.0,0.0,0.0,0.0,0.0,0.0,0.0,0.0,2.0,0.0,1.0,0.0,0.0,1.0,"2021-04-06, 15:49:00",1.0,CAN,56,1874,450
48.39299,-125.70056647487192,8.454011741682972,10.900000000000002,1617724860.0,2613.9999999999995,2756.1418459999995,16821130922.97522,96.00000000000001,1.0,1.0,2021.0,4.0,6.0,16.0,7.6893711248856365,0.25889286,5.898885384455331,184.6406643184743,4.089444193450746,148.3679060665365,4.967182696838901,168.76000708414932,3.915884252917085,176.78401518553704,5.588410502984669,182.79988160277378,5.984315564697768,188.4882016784662,0.0,0.0,0.0,0.0,0.0,0.0,0.0,0.0,0.0,0.0,2.0,0.0,1.0,0.0,0.0,1.0,"2021-04-06, 16:01:00",1.0,CAN,56,1874,450
48.39707,-125.6738111374794,119.06066536203521,4.7,1617725760.0,2615.0000000000005,2755.6936039999996,16821130922.97522,96.00000000000001,1.0,1.0,2021.0,4.0,6.0,16.0,7.6893711248856365,0.25889286,5.815495518732785,183.38604190618335,3.893491659181232,159.07632093933492,5.231873838117479,161.77904284931566,3.8498331930437923,175.09639941008507,5.509409679765694,181.55776720035055,5.899718011285978,187.20743547698456,0.0,0.0,0.0,0.0,0.0,0.0,0.0,0.0,0.0,0.0,2.0,0.0,1.0,0.0,0.0,1.0,"2021-04-06, 16:16:00",1.0,CAN,56,1874,450
48.35167,-125.66881947005544,112.72015655577299,0.0,1617728520.0,2610.0,2751.2578129999993,16821130922.97522,96.00000000000001,1.0,1.0,2021.0,4.0,6.0,17.0,7.6893711248856365,0.25889286,5.538567160354947,181.8463049426138,2.760374830579254,135.96868884540146,4.95591924412398,138.1604696594917,3.657341533391602,173.19219790675493,5.247056837547195,180.03338070792302,5.618779058019686,185.63561351462147,0.0,0.0,0.0,0.0,0.0,0.0,0.0,0.0,0.0,0.0,2.0,0.0,1.0,0.0,0.0,1.0,"2021-04-06, 17:02:00",1.0,CAN,56,1874,450
48.34575000000002,-125.66582446960105,119.7651663405088,3.6000000000000005,1617729480.0,2610.0,2750.8120120000003,16821130922.97522,96.00000000000001,1.0,1.0,2021.0,4.0,6.0,17.0,7.6893711248856365,0.25889286,5.43412471743027,180.87566787673808,2.4366271652644036,119.20156555773015,4.597991743021805,132.1330724383566,3.5802370311737737,171.8771238154133,5.148111493307127,179.0724204482951,5.512824034981565,184.64475033881632,0.0,0.0,0.0,0.0,0.0,0.0,0.0,0.0,0.0,0.0,2.0,0.0,1.0,0.0,0.0,1.0,"2021-04-06, 17:18:00",1.0,CAN,56,1874,450
48.33933999999999,-125.67271297064615,200.78277886497057,11.1,1617730140.0,2609.0,2750.3710940000005,16821130922.97522,96.00000000000001,1.0,1.0,2021.0,4.0,6.0,17.0,7.6893711248856365,0.25889286,5.632317977710334,184.7097954278573,2.5814616471157836,112.15655577299434,4.6392910702626695,143.79647748728036,3.7031483722373086,175.1578582778301,5.335873286456826,182.86832350671148,5.713887614795753,188.5587733401082,0.0,0.0,0.0,0.0,0.0,0.0,0.0,0.0,0.0,0.0,2.0,0.0,1.0,0.0,0.0,1.0,"2021-04-06, 17:29:00",1.0,CAN,56,1874,450
48.38000000000001,-125.84352782989457,174.01174168297456,10.0,1617732300.0,2611.0,2761.514648,16821130922.97522,96.00000000000001,1.0,1.0,2021.0,4.0,6.0,18.0,6.4300357340881735,0.5365239400000001,5.772734522271516,186.72963129029625,2.5047845684885828,145.2681017612527,4.421609200616864,146.800391389433,3.7882949387777423,176.73850986679295,5.468899314473299,184.86802253224155,5.856337731791227,190.62069848970646,0.0,0.0,0.0,0.0,0.0,0.0,0.0,0.0,0.0,0.0,2.0,0.0,1.0,0.0,0.0,1.0,"2021-04-06, 18:05:00",1.0,CAN,56,1874,450
48.37595,-125.88086550222592,238.82583170254404,10.2,1617732900.0000002,2610.0,2763.3100589999995,16821130922.97522,96.00000000000001,1.0,1.0,2021.0,4.0,6.0,18.0,6.4300357340881735,0.5365239400000001,5.9091195951953575,192.06206623111427,2.9733667156548136,169.2211350293545,4.632407849159106,157.02544032093988,3.871063890799548,181.47002857278724,5.598106058511148,190.14729554305956,5.994697991653431,196.06425057110806,0.0,0.0,0.0,0.0,0.0,0.0,0.0,0.0,0.0,0.0,2.0,0.0,1.0,0.0,0.0,1.0,"2021-04-06, 18:15:00",1.0,CAN,56,1874,450
48.500780000000006,-125.95813651394904,12.681017612524464,11.8,1617735480.0,2623.0,2777.490967,16821130922.97522,96.00000000000001,1.0,1.0,2021.0,4.0,6.0,18.0,6.4300357340881735,0.5365239400000001,6.090412370129448,185.32865218344378,3.9786884132114557,149.21330724070484,4.824277639201936,123.28767123287714,3.9834450509200177,174.82778306374826,5.769856886256796,183.4810105443575,6.178616326066959,189.1905258166692,0.0,0.0,0.0,0.0,0.0,0.0,0.0,0.0,0.0,0.0,2.0,0.0,1.0,0.0,0.0,1.0,"2021-04-06, 18:58:00",1.0,CAN,56,1874,450
48.53411,-125.96173051449433,228.2583170254403,11.499999999999998,1617736200.0,2626.0,2780.139648,16821130922.97522,96.00000000000001,1.0,1.0,2021.0,4.0,6.0,19.0,6.4300357340881735,0.5365239400000001,6.248273479252565,189.79349545419274,4.651742770050225,170.91193737769115,4.870739382115599,150.7632093933469,4.080648984203651,178.77479326355797,5.919409322478254,187.9013413760322,6.3387636472668865,193.74840737534961,0.0,0.0,0.0,0.0,0.0,0.0,0.0,0.0,0.0,0.0,2.0,0.0,1.0,0.0,0.0,1.0,"2021-04-06, 19:10:00",1.0,CAN,56,1874,450
48.57060999999999,-125.99138101899273,7.045009784735812,10.1,1617736980.0,2630.0,2785.013916,16821130922.97522,96.00000000000001,1.0,1.0,2021.0,4.0,6.0,19.0,6.4300357340881735,0.5365239400000001,6.349847219258685,183.352325025275,4.566546016020001,132.1643835616441,5.288895068338559,136.76125244618447,4.141296599375807,172.47066285442384,6.015636951679774,181.52438646127655,6.441808421604252,187.1730160045889,0.0,0.0,0.0,0.0,0.0,0.0,0.0,0.0,0.0,0.0,2.0,0.0,1.0,0.0,0.0,1.0,"2021-04-06, 19:23:00",1.0,CAN,56,1874,450
48.59543,-125.98229618428108,215.57729941291583,10.1,1617737640.0,2633.9999999999995,2787.2175290000005,16821130922.97522,96.00000000000001,1.0,1.0,2021.0,4.0,6.0,19.0,6.4300357340881735,0.5365239400000001,6.444415873529845,186.99142140281796,4.575065691423022,140.47749510763236,5.396445399088392,145.51859102935472,4.19761224183347,175.66943043767782,6.10522819245464,185.1272027174428,6.5377466595599785,190.88794377778294,0.0,0.0,0.0,0.0,0.0,0.0,0.0,0.0,0.0,0.0,2.0,0.0,1.0,0.0,0.0,1.0,"2021-04-06, 19:34:00",1.0,CAN,56,1874,450
48.62166999999999,-125.98489185134156,4.931506849315068,10.0,1617738240.0,2635.9999999999995,2788.985352,16821130922.97522,96.00000000000001,1.0,1.0,2021.0,4.0,6.0,19.0,6.4300357340881735,0.5365239400000001,6.529679178627961,180.97865757227981,4.558026340616979,93.69863013698648,5.476290764756996,131.45988258317072,4.248091799298827,169.81856357754467,6.186003850680707,179.17438338382084,6.624244784297376,184.74988613095465,0.0,0.0,0.0,0.0,0.0,0.0,0.0,0.0,0.0,0.0,2.0,0.0,1.0,0.0,0.0,1.0,"2021-04-06, 19:44:00",1.0,CAN,56,1874,450
48.65198,-125.98099835075085,237.41682974559686,10.2,1617738900.0,2639.0,2791.638184,16821130922.97522,96.00000000000001,1.0,1.0,2021.0,4.0,6.0,19.0,6.4300357340881735,0.5365239400000001,6.61524957159711,185.40361577142082,4.421711534168621,138.64579256360108,5.552882244209638,141.0923323444232,4.298980398710183,173.7773548715504,6.2670704338819085,183.55522677975347,6.7110544442836515,189.2670514939425,0.0,0.0,0.0,0.0,0.0,0.0,0.0,0.0,0.0,0.0,2.0,0.0,1.0,0.0,0.0,1.0,"2021-04-06, 19:55:00",1.0,CAN,56,1874,450
48.65833,-126.02153069023353,195.14677103718196,9.0,1617739500.0,2640.0000000000005,2794.3041989999997,16821130922.97522,96.00000000000001,1.0,1.0,2021.0,4.0,6.0,20.0,6.4300357340881735,0.5365239400000001,6.661713132913718,187.7818784962769,4.208719649093061,132.02348336594937,6.059737621336956,148.58566090802404,4.324670303902857,175.82333257849612,6.3110884876572975,185.90977931631775,6.758190910761028,191.6948723955931,0.0,0.0,0.0,0.0,0.0,0.0,0.0,0.0,0.0,0.0,2.0,0.0,1.0,0.0,0.0,1.0,"2021-04-06, 20:05:00",1.0,CAN,56,1874,450
48.674510000000005,-126.04189669332337,251.50684931506845,10.2,1617739800.0,2641.0000000000005,2796.079346,16821130922.97522,96.00000000000001,1.0,1.0,2021.0,4.0,6.0,20.0,6.4300357340881735,0.5365239400000001,6.738096412215383,192.3046642036899,4.217239324496082,180.915851272016,6.081325906016962,157.16242659099862,4.36998528805982,179.88225499524205,6.3834515007490085,190.3874749251452,6.835680405371682,196.3119037939255,0.0,0.0,0.0,0.0,0.0,0.0,0.0,0.0,0.0,0.0,2.0,0.0,1.0,0.0,0.0,1.0,"2021-04-06, 20:10:00",0.0,CAN,56,1874,450
48.68056,-126.041197859884,3.522504892367906,10.3,1617740100.0,2641.9999999999995,2796.962891,16821130922.97522,96.00000000000001,1.0,1.0,2021.0,4.0,6.0,20.0,6.4300357340881735,0.5365239400000001,6.812634297053535,186.78747884769538,4.234278675302127,138.50489236790634,6.104358222905708,145.34397109197704,4.405369784319412,173.7809229305418,6.45406624766331,184.92529337603213,6.9112977797271915,190.6797514730019,0.0,0.0,0.0,0.0,0.0,0.0,0.0,0.0,0.0,0.0,2.0,0.0,1.0,0.0,0.0,1.0,"2021-04-06, 20:15:00",0.0,CAN,56,1874,450
48.72460999999999,-126.0499831945502,225.44031311154598,10.3,1617741060.0,2646.0000000000005,2800.9436040000005,16821130922.97522,96.00000000000001,1.0,1.0,2021.0,4.0,6.0,20.0,6.4300357340881735,0.5365239400000001,6.882912874263814,190.08221173565659,4.259837701511195,182.60665362035263,6.385908440623954,149.53033268101817,4.448581760294799,176.81861431969494,6.520645866255612,188.18717928862418,6.982594161340669,194.0431399191762,0.0,0.0,0.0,0.0,0.0,0.0,0.0,0.0,0.0,0.0,2.0,0.0,1.0,0.0,0.0,1.0,"2021-04-06, 20:31:00",0.0,CAN,56,1874,450
48.730000000000004,-126.04978352785322,122.58317025440311,4.0,1617742020.0,2647.0000000000005,2801.8278809999997,16821130922.97522,96.00000000000001,1.0,1.0,2021.0,4.0,6.0,20.0,6.4300357340881735,0.5365239400000001,6.791746572044963,189.36516636414802,3.7316178265238062,159.63992172211383,6.085296994900734,147.4574740273978,4.384347230625998,176.0004477830632,6.434277902202494,187.47728253051082,6.8901075497543705,193.3111527748687,0.0,0.0,0.0,0.0,0.0,0.0,0.0,0.0,0.0,0.0,2.0,0.0,1.0,0.0,0.0,1.0,"2021-04-06, 20:47:00",0.0,CAN,56,1874,450
48.66010999999998,-126.03620619246003,98.63013698630137,0.8,1617747060.0,2640.0000000000005,2794.75,16821130922.97522,96.00000000000001,1.0,1.0,2021.0,4.0,6.0,22.0,6.4300357340881735,0.5365239400000001,6.627650319085926,187.81935429540638,3.0330044434759698,140.33659491193765,5.26566419688173,136.18003913894373,4.272020782862874,174.39717279733532,6.278818495251941,185.9468814989227,6.723634784699616,191.73312911445,0.0,0.0,0.0,0.0,0.0,0.0,0.0,0.0,0.0,0.0,2.0,0.0,1.0,0.0,0.0,1.0,"2021-04-06, 22:11:00",1.0,CAN,56,1874,450
48.652570000000004,-126.02981685815735,116.2426614481409,3.799999999999999,1617748080.0,2638.0000000000005,2793.8664550000003,16821130922.97522,96.00000000000001,1.0,1.0,2021.0,4.0,6.0,22.0,6.4300357340881735,0.5365239400000001,6.54326161950225,186.97600102047616,2.487745217682537,113.28375733855209,4.8753855564069655,147.09980430528432,4.213114021497672,173.47764031398617,6.198871409599218,185.11193606923854,6.638023931887662,190.87220206591502,0.0,0.0,0.0,0.0,0.0,0.0,0.0,0.0,0.0,0.0,2.0,0.0,1.0,0.0,0.0,1.0,"2021-04-06, 22:28:00",1.0,CAN,56,1874,450
48.65023000000001,-126.03520785897523,226.14481409001954,9.3,1617748680.0,2638.0000000000005,2793.8664550000003,16821130922.97522,96.00000000000001,1.0,1.0,2021.0,4.0,6.0,22.0,6.4300357340881735,0.5365239400000001,6.590156270178237,189.9521856979367,2.4025484636523133,157.8082191780825,4.825826363965726,148.15655577299464,4.346788785082119,178.28258797335812,6.243297863291993,188.0584495508483,6.685597730944834,193.91040440226467,0.0,0.0,0.0,0.0,0.0,0.0,0.0,0.0,0.0,0.0,2.0,0.0,1.0,0.0,0.0,1.0,"2021-04-06, 22:38:00",0.0,CAN,56,1874,450
48.77869999999999,-126.16988304607409,89.47162426614481,0.5,1617758220.0,2651.0,2811.588135,16821130922.97522,97.0,2.0,1.0,2021.0,4.0,7.0,1.0,6.4300357340881735,0.5365239400000001,6.4366552568017665,188.2008105739905,1.5676202741561196,130.61448140900222,2.8083542381304256,143.95303324461892,4.5602625632900065,182.7291980209319,6.254231834331056,191.10208704457403,6.529873650262344,192.1225341690444,0.0,0.0,0.0,0.0,0.0,0.0,0.0,0.0,0.0,0.0,2.0,0.0,1.0,0.0,0.0,1.0,"2021-04-07, 01:17:00",0.0,CAN,56,1874,450
48.77467999999999,-126.16029904462005,97.92563600782778,3.6000000000000005,1617759360.0,2650.0,2810.259766,16821130922.97522,97.0,2.0,1.0,2021.0,4.0,7.0,1.0,6.4300357340881735,0.5365239400000001,6.358708382504425,186.81118223706872,1.53354157254403,125.68297455968717,2.7670549115090526,137.84735814481456,4.547478487313338,178.9724072312078,6.174632520356599,189.57247944613178,6.450797916004761,190.70394879298638,0.0,0.0,0.0,0.0,0.0,0.0,0.0,0.0,0.0,0.0,2.0,0.0,1.0,0.0,0.0,1.0,"2021-04-07, 01:36:00",0.0,CAN,56,1874,450
48.76962,-126.16109771140789,195.14677103718196,8.6,1617759840.0,2650.0,2810.259766,16821130922.97522,97.0,2.0,1.0,2021.0,4.0,7.0,1.0,6.4300357340881735,0.5365239400000001,6.391643681579377,188.58967848088454,2.1980762539797762,144.98630136986333,2.6225072664757767,127.51467710371867,4.558436266398394,177.09401183634577,6.202922172363675,191.26341670619243,6.484210198162608,192.5195052952666,0.0,0.0,0.0,0.0,0.0,0.0,0.0,0.0,0.0,0.0,2.0,0.0,1.0,0.0,0.0,1.0,"2021-04-07, 01:44:00",0.0,CAN,56,1874,450
48.76962,-126.17128071295281,178.94324853228963,9.0,1617760020.0,2650.0,2810.705811,16821130922.97522,97.0,2.0,1.0,2021.0,4.0,7.0,1.0,6.4300357340881735,0.5365239400000001,6.431421353145789,189.78048500518003,2.6410993749369407,157.52641878669309,3.360732737421574,140.37181996086156,4.575215366365464,178.356921979067,6.237987076359681,192.3619954167074,6.524563946975832,193.7351258149388,0.0,0.0,0.0,0.0,0.0,0.0,0.0,0.0,0.0,0.0,2.0,0.0,1.0,0.0,0.0,1.0,"2021-04-07, 01:47:00",0.0,CAN,56,1874,450
48.76666999999999,-126.21101438564764,226.84931506849313,9.5,1617760680.0,2650.0,2812.491943,16821130922.97522,97.0,2.0,1.0,2021.0,4.0,7.0,1.0,6.4300357340881735,0.5365239400000001,6.4796208515777485,192.37618485444057,2.658138725742986,157.6673189823878,3.8656170104167047,157.66731898238805,4.591138389682279,178.91888677449992,6.281337913331655,194.88754490004797,6.5734614911520755,196.38491479013604,0.0,0.0,0.0,0.0,0.0,0.0,0.0,0.0,0.0,0.0,2.0,0.0,1.0,0.0,0.0,1.0,"2021-04-07, 01:58:00",0.0,CAN,56,1874,450
48.77125999999999,-126.33271123744416,9.158512720156555,10.0,1617763440.0,2647.9999999999995,2817.868164,16821130922.97522,97.0,2.0,1.0,2021.0,4.0,7.0,1.9999999999999998,6.4300357340881735,0.5365239400000001,6.5356807222910245,188.3738904619524,3.467507889030112,141.60469667319012,4.253830684746247,132.91585129549946,4.569394046049604,174.46978301617452,6.33240973254803,190.73443214539623,6.630333244881765,192.2992206912093,0.0,0.0,0.0,0.0,0.0,0.0,0.0,0.0,0.0,0.0,2.0,0.0,1.0,0.0,0.0,1.0,"2021-04-07, 02:44:00",0.0,CAN,56,1874,450
48.876670000000004,-126.31344340118761,233.89432485322894,10.4,1617764280.0,2661.0000000000005,2826.6494140000004,16821130922.97522,97.0,2.0,1.0,2021.0,4.0,7.0,1.9999999999999998,6.4300357340881735,0.5365239400000001,6.59713130798604,191.09254505868273,4.046845816435635,168.79843444227038,4.566525588963029,147.3413474677109,4.631488129607484,181.07179030447136,6.388792580053212,193.3916053552621,6.692673784232391,195.07452654170567,0.0,0.0,0.0,0.0,0.0,0.0,0.0,0.0,0.0,0.0,2.0,0.0,1.0,0.0,0.0,1.0,"2021-04-07, 02:58:00",0.0,CAN,56,1874,450
48.917320000000004,-126.33311057083807,81.01761252446184,5.0,1617765180.0,2665.0,2831.065186,16821130922.97522,97.0,2.0,1.0,2021.0,4.0,7.0,3.0,6.4300357340881735,0.5365239400000001,6.55253612044233,189.3367103260634,3.7401375019268284,145.97260273972628,4.382891081522145,139.05088062622357,4.47990551364678,175.2984868315884,6.34260684989217,191.52409085244946,6.647432750115725,193.2821037706027,0.0,0.0,0.0,0.0,0.0,0.0,0.0,0.0,0.0,0.0,2.0,0.0,1.0,0.0,0.0,1.0,"2021-04-07, 03:13:00",0.0,CAN,56,1874,450
48.946600000000004,-126.32272790259623,122.58317025440311,4.0,1617765780.0,2668.0,2833.2636720000005,16821130922.97522,97.0,2.0,1.0,2021.0,4.0,7.0,3.0,6.4300357340881735,0.5365239400000001,6.4910442438289,188.814457561064,3.3141537317757095,134.700587084149,4.171232030264519,137.2211350450103,4.410677458758352,174.47668886774446,6.280240728892376,190.90934195413698,6.58505032185395,192.74896831607165,0.0,0.0,0.0,0.0,0.0,0.0,0.0,0.0,0.0,0.0,2.0,0.0,1.0,0.0,0.0,1.0,"2021-04-07, 03:23:00",0.0,CAN,56,1874,450
48.92167,-126.31933356874791,88.76712328767123,0.0,1617767400.0,2665.0,2830.619385,16821130922.97522,97.0,2.0,1.0,2021.0,4.0,7.0,3.0,6.4300357340881735,0.5365239400000001,6.358573952734328,187.388715721324,2.5047845684885828,107.08414872798457,3.7541088274239143,132.37573385518635,4.246139551151241,166.34848529971404,6.149402380853513,189.3855473820903,6.4506615393652575,191.29351690496313,0.0,0.0,0.0,0.0,0.0,0.0,0.0,0.0,0.0,0.0,2.0,0.0,1.0,0.0,0.0,1.0,"2021-04-07, 03:50:00",1.0,CAN,56,1874,450
48.91010999999999,-126.31663806833897,127.51467710371818,5.9,1617768840.0,2664.0,2829.738281,16821130922.97522,97.0,2.0,1.0,2021.0,4.0,7.0,3.9999999999999996,6.4300357340881735,0.5365239400000001,6.3376297913125095,187.05848310574606,2.1554778769646643,130.75538160469694,3.745098064880285,131.93381962426662,4.154824721856807,171.01685029495667,6.1265944499047365,188.97305701428408,6.429414055642924,190.95640291073215,0.0,0.0,0.0,0.0,0.0,0.0,0.0,0.0,0.0,0.0,2.0,0.0,1.0,0.0,0.0,1.0,"2021-04-07, 04:14:00",1.0,CAN,56,1874,450
48.930839999999996,-126.34029857192861,230.37181996086105,11.3,1617769440.0,2666.0000000000005,2832.391846,16821130922.97522,97.0,2.0,1.0,2021.0,4.0,7.0,3.9999999999999996,6.4300357340881735,0.5365239400000001,6.412825599542909,189.44383911773656,2.2321549555918656,130.05088062622337,4.353324517680863,144.7429283365954,4.2753602963216455,175.38135722169304,6.196806615042962,191.30627434011714,6.505698881718546,193.39146490925,0.0,0.0,0.0,0.0,0.0,0.0,0.0,0.0,0.0,0.0,2.0,0.0,1.0,0.0,0.0,1.0,"2021-04-07, 04:24:00",1.0,CAN,56,1874,450
48.98853,-126.44422508769576,178.94324853228963,9.6,1617771300.0,2672.0000000000005,2842.134277,16821130922.97522,97.0,2.0,1.0,2021.0,4.0,7.0,3.9999999999999996,6.4300357340881735,0.5365239400000001,6.455698615411205,190.4121183630735,2.624060024130896,149.63600782778897,4.522276310263132,144.34442270841538,4.311600869231489,176.6977878211222,6.2358370352021,192.21014582778483,6.549192802933268,194.3799211323133,0.0,0.0,0.0,0.0,0.0,0.0,0.0,0.0,0.0,0.0,2.0,0.0,1.0,0.0,0.0,1.0,"2021-04-07, 04:55:00",1.0,CAN,56,1874,450
48.97332999999999,-126.57560577429481,236.71232876712327,8.0,1617773160.0,2668.0,2846.648682,16821130922.97522,97.0,2.0,1.0,2021.0,4.0,7.0,5.0,6.4300357340881735,0.5365239400000001,6.469776982118282,192.8044989337359,2.9648470402517915,172.46183953033307,4.419027992470719,145.44031308023537,4.531041817553449,182.56345724072256,6.247124752985094,194.55314054176148,6.56347505856629,196.82215406707394,0.0,0.0,0.0,0.0,0.0,0.0,0.0,0.0,0.0,0.0,2.0,0.0,1.0,0.0,0.0,1.0,"2021-04-07, 05:26:00",0.0,CAN,56,1874,450
49.04691999999999,-126.58259410868838,196.55577299412917,10.2,1617774720.0,2677.0000000000005,2853.6635739999997,16821130922.97522,97.0,2.0,1.0,2021.0,4.0,7.0,5.0,6.104728706160415,0.5330980000000001,6.520010026098879,194.1117520543708,3.8338539313600752,194.01956947162464,4.432794435297334,166.26223091976576,4.514605148359712,182.39771646051324,6.293387831505501,195.8025194980575,6.614435598967263,198.15664769423094,0.0,0.0,0.0,0.0,0.0,0.0,0.0,0.0,0.0,0.0,2.0,0.0,1.0,0.0,0.0,1.0,"2021-04-07, 05:52:00",0.0,CAN,56,1874,450
49.06167,-126.71866696266594,2.818003913894324,9.0,1617776760.0,2675.9999999999995,2860.822998,16821130922.97522,97.0,2.0,1.0,2021.0,4.0,7.0,6.0,6.104728706160415,0.5330980000000001,6.548774999128552,190.6511072417001,4.0979638688537685,169.08023483365983,4.778922128085412,151.6689963757344,4.453728596062909,171.86489058039905,6.318985244803126,192.2457810610172,6.643617158634992,194.6238900549759,0.0,0.0,0.0,0.0,0.0,0.0,0.0,0.0,0.0,0.0,2.0,0.0,1.0,0.0,0.0,1.0,"2021-04-07, 06:26:00",0.0,CAN,56,1874,450
49.177699999999994,-126.72924929760477,209.94129158512717,9.5,1617779160.0,2668.0,2871.776123,16821130922.97522,97.0,2.0,1.0,2021.0,4.0,7.0,6.999999999999999,6.104728706160415,0.5330980000000001,6.584550432275266,192.27043648526663,3.944609711599367,164.99412915851303,5.619658428339375,168.97959186692822,4.410323613795756,179.85727875356747,6.35140502321809,193.81456279706225,6.679910706900545,196.2769628391961,0.0,0.0,0.0,0.0,0.0,0.0,0.0,0.0,0.0,0.0,2.0,0.0,1.0,0.0,0.0,1.0,"2021-04-07, 07:06:00",0.0,CAN,56,1874,450
49.26448,-126.98182766925792,214.87279843444222,10.3,1617782580.0,2659.0,2889.992188,16821130922.97522,97.0,2.0,1.0,2021.0,4.0,7.0,7.999999999999999,6.089941996187864,0.8339122500000002,6.631705416398866,193.948885801269,4.004247439420523,172.18003913894358,5.823205111845677,172.18003913894387,4.182991834488204,185.16431235014213,6.394850521400281,195.44414914063648,6.7277486096656265,197.99038763838365,0.0,0.0,0.0,0.0,0.0,0.0,0.0,0.0,0.0,0.0,2.0,0.0,1.0,0.0,0.0,1.0,"2021-04-07, 08:03:00",1.0,CAN,56,1874,450
48.42167,-125.9939766860532,116.94716242661447,10.5,1617825000.0,2613.9999999999995,2771.7849119999996,16821130922.97522,97.0,2.0,1.0,2021.0,4.0,7.0,19.0,6.4300357340881735,0.5365239400000001,6.680338612160873,193.30693949211073,4.217239324496082,148.22700587084177,6.504644007912724,116.94716242661491,5.887980177596388,201.66508087535615,6.481658446783169,204.45694504543982,6.777086132162079,197.33506446873415,0.0,0.0,0.0,0.0,0.0,0.0,0.0,0.0,0.0,0.0,2.0,0.0,1.0,0.0,0.0,1.0,"2021-04-07, 19:50:00",0.0,CAN,56,1874,450
48.48985,-125.95993351422166,118.35616438356163,12.0,1617826260.0,2622.0,2776.6083979999994,16821130922.97522,97.0,2.0,1.0,2021.0,4.0,7.0,20.0,6.4300357340881735,0.5365239400000001,6.750210467478136,192.71875649482007,4.370593481750486,132.58708414872825,6.969261437049345,117.65166340508847,6.369209326726862,143.006660323501,6.40949423297882,191.31777785894013,6.847969901562189,196.73462492944643,0.0,0.0,0.0,0.0,0.0,0.0,0.0,0.0,0.0,0.0,2.0,0.0,1.0,0.0,0.0,1.0,"2021-04-07, 20:11:00",0.0,CAN,56,1874,450
48.425580000000004,-125.96831951549396,30.293542074363994,0.8,1617831600.0,2615.0000000000005,2771.765625,16821130922.97522,97.0,2.0,1.0,2021.0,4.0,7.0,21.000000000000004,6.4300357340881735,0.5365239400000001,6.649710046487823,190.18336237838164,3.671980098702649,138.0821917808222,4.811371599710194,88.53228965166373,4.397113402047559,107.61179831588929,6.0978760387499555,189.5023799221162,6.746013990505521,194.14639833636312,0.0,0.0,0.0,0.0,0.0,0.0,0.0,0.0,0.0,0.0,2.0,0.0,1.0,0.0,0.0,1.0,"2021-04-07, 21:40:00",0.0,CAN,56,1874,450
48.431670000000004,-125.95663901372185,31.702544031311152,4.0,1617833100.0,2615.0000000000005,2771.315918,16821130922.97522,97.0,2.0,1.0,2021.0,4.0,7.0,22.0,6.4300357340881735,0.5365239400000001,6.599729980163216,187.7620491075366,3.2033979515364184,102.43444227005892,4.22801860514327,74.32485322896308,3.86398699154763,90.34253092293025,5.990416964500656,183.60467330160543,6.695310091491116,191.67462980256607,0.0,0.0,0.0,0.0,0.0,0.0,0.0,0.0,0.0,0.0,2.0,0.0,1.0,0.0,0.0,1.0,"2021-04-07, 22:05:00",1.0,CAN,56,1874,450
48.45442,-125.96632284852438,223.3268101761252,8.1,1617833760.0,2617.0,2773.079346,16821130922.97522,97.0,2.0,1.0,2021.0,4.0,7.0,22.0,6.4300357340881735,0.5365239400000001,6.6108936124142215,189.5605792261502,3.015965092669926,104.12524461839551,4.385988531049723,104.12524461839567,4.008355736286773,126.565176022835,6.2394491048244305,190.2220683686762,6.70663540023746,193.510637645006,0.0,0.0,0.0,0.0,0.0,0.0,0.0,0.0,0.0,0.0,2.0,0.0,1.0,0.0,0.0,1.0,"2021-04-07, 22:16:00",1.0,CAN,56,1874,450
48.44796,-125.95803668060057,86.65362035225048,4.6000000000000005,1617834420.0,2617.0,2773.079346,16821130922.97522,97.0,2.0,1.0,2021.0,4.0,7.0,22.0,6.4300357340881735,0.5365239400000001,6.571689982468937,188.39486991955374,2.5133042438916053,98.06653620352269,4.129932703643147,101.21330726418824,3.7743462678787094,123.02568984776363,6.150359103490001,187.32749723237148,6.666864006561555,192.3206373182024,0.0,0.0,0.0,0.0,0.0,0.0,0.0,0.0,0.0,0.0,2.0,0.0,1.0,0.0,0.0,1.0,"2021-04-07, 22:27:00",1.0,CAN,56,1874,450
48.43490999999999,-125.96232951458519,140.90019569471622,5.7,1617835260.0,2615.0000000000005,2771.315918,16821130922.97522,97.0,2.0,1.0,2021.0,4.0,7.0,22.0,6.4300357340881735,0.5365239400000001,6.549184194857742,188.40142593514915,1.9765646935011942,102.57534246575362,4.044384097702387,106.8828627240708,3.6961633809590495,129.917085756422,6.143929927713941,184.1280830809218,6.644032280511686,192.32732994788023,0.0,0.0,0.0,0.0,0.0,0.0,0.0,0.0,0.0,0.0,2.0,0.0,1.0,0.0,0.0,1.0,"2021-04-07, 22:41:00",1.0,CAN,56,1874,450
48.41984999999999,-125.96502501499414,121.87866927592954,3.0,1617835920.0,2613.9999999999995,2770.4345699999994,16821130922.97522,97.0,2.0,1.0,2021.0,4.0,7.0,22.0,6.4300357340881735,0.5365239400000001,6.489976661088236,188.01562720726278,2.163997552367687,120.8923679060668,3.3806449128675027,107.5873637025444,3.4464499356844254,132.19552806850578,6.006030675881302,183.26531972999143,6.583967277923585,191.933491956138,0.0,0.0,0.0,0.0,0.0,0.0,0.0,0.0,0.0,0.0,2.0,0.0,1.0,0.0,0.0,1.0,"2021-04-07, 22:52:00",1.0,CAN,56,1874,450
48.36280999999999,-125.90792033966385,76.79060665362033,0.8,1617840960.0,2608.0,2762.89502,16821130922.97522,98.00000000000003,3.0,1.0,2021.0,4.0,8.0,0.0,6.4300357340881735,0.5365239400000001,6.402555578493869,186.7260552388773,1.8913679394709708,129.90998043052866,2.3894610640427065,101.64942690410997,3.1138356708442436,127.87821119885784,5.808854719025244,180.2509736495067,6.495280125833664,190.61704792062108,0.0,0.0,0.0,0.0,0.0,0.0,0.0,0.0,0.0,0.0,2.0,0.0,1.0,0.0,0.0,1.0,"2021-04-08, 00:16:00",1.0,CAN,56,1874,450
48.359869999999994,-125.89484217101305,88.06262230919765,4.3,1617842220.0,2608.0,2761.994873,16821130922.97522,98.00000000000003,3.0,1.0,2021.0,4.0,8.0,0.0,6.4300357340881735,0.5365239400000001,6.364771099598907,185.70042803919597,1.5676202741561196,102.85714285714305,2.4237542553293836,99.95107632093969,3.045897438025824,125.79448144624129,5.732368983114722,177.9860295214236,6.456948435960358,189.5700487280325,0.0,0.0,0.0,0.0,0.0,0.0,0.0,0.0,0.0,0.0,2.0,0.0,1.0,0.0,0.0,1.0,"2021-04-08, 00:37:00",1.0,CAN,56,1874,450
48.356989999999996,-125.88655600308924,188.10176125244618,3.6000000000000005,1617843660.0,2608.0,2761.545166,16821130922.97522,98.00000000000003,3.0,1.0,2021.0,4.0,8.0,1.0,6.4300357340881735,0.5365239400000001,6.318830839254909,186.67641148084473,1.4824235201258957,123.14677103718225,2.640575722259808,119.67710371820003,2.954283760334411,135.1440186679349,5.64057209622845,180.45390111640415,6.410342849124018,190.56636968725002,0.0,0.0,0.0,0.0,0.0,0.0,0.0,0.0,0.0,0.0,2.0,0.0,1.0,0.0,0.0,1.0,"2021-04-08, 01:01:00",1.0,CAN,56,1874,450
48.36448,-125.90292867223987,218.39530332681016,4.0,1617844620.0,2608.0,2762.4448239999992,16821130922.97522,98.00000000000003,3.0,1.0,2021.0,4.0,8.0,1.0,6.4300357340881735,0.5365239400000001,6.279440914501862,188.21244041168953,1.3375890382745153,138.64579256360108,2.300962506023422,131.54039697064624,2.896810760640786,146.0038058991432,5.743502244682627,186.35193000779336,6.3703824626392915,192.13440634899885,0.0,0.0,0.0,0.0,0.0,0.0,0.0,0.0,0.0,0.0,2.0,0.0,1.0,0.0,0.0,1.0,"2021-04-08, 01:17:00",1.0,CAN,56,1874,450
48.47667,-125.96332784807,248.68884540117412,0.0,1617854160.0,2620.9999999999995,2775.72583,16821130922.97522,98.00000000000003,3.0,1.0,2021.0,4.0,8.0,3.0,6.4300357340881735,0.5365239400000001,6.189734615839008,190.2845130211068,1.0819987761838434,164.00782778865005,1.5693744270994305,218.39530332681096,2.6739791634506673,158.0253238344429,5.490728207970684,195.07696110428853,6.279376999004723,194.2496567535501,0.0,0.0,0.0,0.0,0.0,0.0,0.0,0.0,0.0,0.0,2.0,0.0,1.0,0.0,0.0,1.0,"2021-04-08, 03:56:00",1.0,CAN,56,1874,450
48.48206999999999,-125.95454251340378,52.133072407045006,3.799999999999999,1617855180.0,2620.9999999999995,2775.2773439999996,16821130922.97522,98.00000000000003,3.0,1.0,2021.0,4.0,8.0,3.9999999999999996,6.4300357340881735,0.5365239400000001,6.15073665908485,188.58841210231762,1.3375890382745153,159.07632093933492,1.6106737543402936,173.07240706849376,2.636650464062558,151.26410217887678,5.388460072230465,189.35368397058008,6.239814257167035,192.51821252793607,0.0,0.0,0.0,0.0,0.0,0.0,0.0,0.0,0.0,0.0,2.0,0.0,1.0,0.0,0.0,1.0,"2021-04-08, 04:13:00",1.0,CAN,56,1874,450
48.48167,-125.93667234402595,85.94911937377688,5.0,1617855780.0,2620.9999999999995,2774.829102,16821130922.97522,98.00000000000003,3.0,1.0,2021.0,4.0,8.0,3.9999999999999996,6.4300357340881735,0.5365239400000001,6.1278258375147105,187.56880666772403,1.3972267660956716,158.65362035225078,1.8171703893056295,128.92367906066582,2.649591079918374,148.14462416745909,5.353570762331734,186.84709491302917,6.216571631283254,191.47736058181954,0.0,0.0,0.0,0.0,0.0,0.0,0.0,0.0,0.0,0.0,2.0,0.0,1.0,0.0,0.0,1.0,"2021-04-08, 04:23:00",1.0,CAN,56,1874,450
48.47985000000002,-125.93627301063204,109.90215264187866,6.999999999999999,1617855840.0,2620.9999999999995,2774.381104,16821130922.97522,98.00000000000003,3.0,1.0,2021.0,4.0,8.0,3.9999999999999996,6.4300357340881735,0.5365239400000001,6.1302065870506794,187.0168404547599,1.6868957297984328,143.01369863013724,2.4469851267862155,124.16829745596912,2.7316831112406317,147.23477640342483,5.186877393573653,179.58223512592383,6.218986859851906,190.913892511268,0.0,0.0,0.0,0.0,0.0,0.0,0.0,0.0,0.0,0.0,2.0,0.0,1.0,0.0,0.0,1.0,"2021-04-08, 04:24:00",1.0,CAN,56,1874,450
48.456669999999995,-125.92499184225386,38.043052837573384,6.999999999999999,1617856680.0,2619.0,2772.166992,16821130922.97522,98.00000000000003,3.0,1.0,2021.0,4.0,8.0,3.9999999999999996,6.4300357340881735,0.5365239400000001,6.132522991639634,185.17850343372376,1.9424859918891046,106.94324853228984,2.8248739691506684,106.94324853229001,2.804117256258552,141.29400570884826,5.220923965916783,173.9687317905711,6.221336811602514,189.03724827120834,0.0,0.0,0.0,0.0,0.0,0.0,0.0,0.0,0.0,0.0,2.0,0.0,1.0,0.0,0.0,1.0,"2021-04-08, 04:38:00",1.0,CAN,56,1874,450
48.47832999999999,-125.94665567887392,224.73581213307236,8.0,1617857400.0,2620.9999999999995,2774.829102,16821130922.97522,98.00000000000003,3.0,1.0,2021.0,4.0,8.0,3.9999999999999996,6.4300357340881735,0.5365239400000001,6.1467807123695755,186.72491092885724,2.624060024130896,102.15264187866947,3.1800481814397243,126.57534248923722,2.899956048882666,148.62036159847716,5.287668732902059,179.14322807096923,6.235801018740038,190.61587976549856,0.0,0.0,0.0,0.0,0.0,0.0,0.0,0.0,0.0,0.0,2.0,0.0,1.0,0.0,0.0,1.0,"2021-04-08, 04:50:00",1.0,CAN,56,1874,450
48.49714999999999,-125.98139768414477,25.362035225048928,4.5,1617858180.0,2623.0,2778.387451,16821130922.97522,98.00000000000003,3.0,1.0,2021.0,4.0,8.0,5.0,6.4300357340881735,0.5365239400000001,6.119205199922795,184.71519627660132,2.6836977519520526,96.79843444227023,3.123999095045222,112.1162985440317,2.8814154005567754,142.42075218839156,5.10643815133082,170.65339676677175,6.207826145931924,188.56428673159786,0.0,0.0,0.0,0.0,0.0,0.0,0.0,0.0,0.0,0.0,2.0,0.0,1.0,0.0,0.0,1.0,"2021-04-08, 05:03:00",1.0,CAN,56,1874,450
48.490649999999995,-125.9603328476156,100.03913894324852,4.6000000000000005,1617858840.0,2622.0,2776.6083979999994,16821130922.97522,98.00000000000003,3.0,1.0,2021.0,4.0,8.0,5.0,6.4300357340881735,0.5365239400000001,6.093515066622028,184.05731412163217,2.6496190503399624,99.6164383561646,3.089705903758544,110.60665362035266,2.867559576877472,141.3796384395809,5.059104987673391,169.1361315447899,6.181763957136721,187.89269564539703,0.0,0.0,0.0,0.0,0.0,0.0,0.0,0.0,0.0,0.0,2.0,0.0,1.0,0.0,0.0,1.0,"2021-04-08, 05:14:00",1.0,CAN,56,1874,450
48.37832,-125.83134816138008,101.44814090019571,0.8,1617868800.0,2611.0,2761.066162,16821130922.97522,98.00000000000003,3.0,1.0,2021.0,4.0,8.0,7.999999999999999,6.4300357340881735,0.5365239400000001,6.0246262217967415,183.44050760783313,2.121399175352575,97.925636007828,2.044316688201141,75.61643833268128,2.592975885903025,140.4376784015219,4.357287137592493,159.35958459541706,6.111877434606827,187.26303613350848,0.0,0.0,0.0,0.0,0.0,0.0,0.0,0.0,0.0,0.0,2.0,0.0,1.0,0.0,0.0,1.0,"2021-04-08, 08:00:00",1.0,CAN,56,1874,450
48.37412,-125.82386066024411,96.51663405088061,1.6,1617869040.0,2610.0,2759.7341309999997,16821130922.97522,98.00000000000003,3.0,1.0,2021.0,4.0,8.0,7.999999999999999,6.4300357340881735,0.5365239400000001,5.966597667214722,182.75566454206157,1.6613367035893658,109.62035225048945,1.445476445996331,99.33463796477531,2.512636229579704,139.3366861370119,4.02002380970854,152.22217854781846,6.053008485686884,186.56392232574726,0.0,0.0,0.0,0.0,0.0,0.0,0.0,0.0,0.0,0.0,2.0,0.0,1.0,0.0,0.0,1.0,"2021-04-08, 08:04:00",1.0,CAN,56,1874,450
48.36832999999999,-125.81687232585054,100.03913894324852,4.0,1617870000.0,2610.0,2759.7341309999997,16821130922.97522,98.00000000000003,3.0,1.0,2021.0,4.0,8.0,7.999999999999999,6.4300357340881735,0.5365239400000001,5.937026771833239,182.14694702843892,1.3205496874684703,84.68101761252463,1.3215784648932314,99.33463796477531,2.296959299970459,138.27647140818226,3.993561869395885,151.37433443185134,6.023009331955267,185.94252037241037,0.0,0.0,0.0,0.0,0.0,0.0,0.0,0.0,0.0,0.0,2.0,0.0,1.0,0.0,0.0,1.0,"2021-04-08, 08:20:00",1.0,CAN,56,1874,450
48.383190000000006,-125.81577415901727,240.23483365949116,8.9,1617870660.0,2611.0,2760.170166,16821130922.97522,98.00000000000003,3.0,1.0,2021.0,4.0,8.0,7.999999999999999,6.4300357340881735,0.5365239400000001,5.962644470706693,183.87264706803867,1.6954154052014552,127.65557729941315,2.369548888596778,134.5596868884545,2.4215862529566965,145.26425046622217,4.143428590148378,158.34703594634735,6.048998037296813,187.7041805045445,0.0,0.0,0.0,0.0,0.0,0.0,0.0,0.0,0.0,0.0,2.0,0.0,1.0,0.0,0.0,1.0,"2021-04-08, 08:31:00",1.0,CAN,56,1874,450
48.39527,-125.83693882889492,169.78473581213308,9.0,1617871320.0,2613.0000000000005,2763.2819819999995,16821130922.97522,98.00000000000003,3.0,1.0,2021.0,4.0,8.0,7.999999999999999,6.4300357340881735,0.5365239400000001,5.988735190822771,184.4049491993202,2.070281122934441,141.60469667319012,3.010720940805318,141.60469667319032,2.5378376101893463,147.92123440532777,4.284717373241927,161.02327996538685,6.075466614376859,188.24757473379086,0.0,0.0,0.0,0.0,0.0,0.0,0.0,0.0,0.0,0.0,2.0,0.0,1.0,0.0,0.0,1.0,"2021-04-08, 08:42:00",1.0,CAN,56,1874,450
48.366130000000005,-125.9116141735576,207.82778864970646,6.300000000000001,1617872760.0,2609.0,2763.776611,16821130922.97522,98.00000000000003,3.0,1.0,2021.0,4.0,8.0,9.0,6.4300357340881735,0.5365239400000001,5.984912580096315,185.53864048309018,2.5388632701006717,162.88062622309232,3.159398518129037,152.64187869275983,2.5807092603443147,152.2835394576589,4.326572616992595,165.4348766767673,6.071588642967483,189.4048898470412,0.0,0.0,0.0,0.0,0.0,0.0,0.0,0.0,0.0,0.0,2.0,0.0,1.0,0.0,0.0,1.0,"2021-04-08, 09:06:00",1.0,CAN,56,1874,450
48.38800999999999,-125.89953433839158,14.794520547945204,8.6,1617873420.0,2611.0,2765.091064,16821130922.97522,98.00000000000003,3.0,1.0,2021.0,4.0,8.0,9.0,6.4300357340881735,0.5365239400000001,6.005830179287364,183.56586520808983,3.135240548312239,146.53620352250522,3.469143470886786,132.9493989275934,2.6722371575245147,146.91151284490917,4.437977640472166,160.03461702813019,6.092809179773463,187.3910059321784,0.0,0.0,0.0,0.0,0.0,0.0,0.0,0.0,0.0,0.0,2.0,0.0,1.0,0.0,0.0,1.0,"2021-04-08, 09:17:00",1.0,CAN,56,1874,450
48.420249999999996,-125.88665583643773,233.89432485322894,7.1,1617874260.0,2615.0000000000005,2766.841553,16821130922.97522,98.00000000000003,3.0,1.0,2021.0,4.0,8.0,9.0,6.4300357340881735,0.5365239400000001,6.010369161836725,185.09370204606444,3.3993504858059334,173.3072407045013,3.585297828170942,145.56751467710424,2.724061835384482,152.1957110180775,4.495736779452144,165.40149593769326,6.097413897808776,188.95067979443894,0.0,0.0,0.0,0.0,0.0,0.0,0.0,0.0,0.0,0.0,2.0,0.0,1.0,0.0,0.0,1.0,"2021-04-08, 09:31:00",1.0,CAN,56,1874,450
48.42,-125.9184028412542,190.21526418786692,8.0,1617874860.0,2613.9999999999995,2768.6364750000002,16821130922.97522,98.00000000000003,3.0,1.0,2021.0,4.0,8.0,9.0,6.4300357340881735,0.5365239400000001,6.024223613961702,185.9053976505604,3.3226734071787316,163.30332681017646,3.7375890964036715,150.5283757573391,2.880842372135157,159.67210718363413,4.575980282432682,168.40000597490672,6.111468996032982,189.77928949082667,0.0,0.0,0.0,0.0,0.0,0.0,0.0,0.0,0.0,0.0,2.0,0.0,1.0,0.0,0.0,1.0,"2021-04-08, 09:41:00",1.0,CAN,56,1874,450
48.42,-125.9666223485698,222.62230919765165,6.0,1617875760.0,2613.9999999999995,2770.4345699999994,16821130922.97522,98.00000000000003,3.0,1.0,2021.0,4.0,8.0,9.0,6.4300357340881735,0.5365239400000001,6.017064595841332,187.1975981050096,3.06708314508806,173.87084148728022,3.73552413025845,157.7377690802354,2.899956048882666,163.78052651760177,4.59401756607446,172.63176114236677,6.104206297951311,191.09841678473154,0.0,0.0,0.0,0.0,0.0,0.0,0.0,0.0,0.0,0.0,2.0,0.0,1.0,0.0,0.0,1.0,"2021-04-08, 09:56:00",1.0,CAN,56,1874,450
48.44413000000001,-125.94895184588893,22.544031311154598,9.1,1617876420.0,2616.0000000000005,2771.748291,16821130922.97522,98.00000000000003,3.0,1.0,2021.0,4.0,8.0,10.0,6.4300357340881735,0.5365239400000001,6.0417809829325355,185.41365173187634,3.305634056372687,136.81409001956976,3.908418131105094,145.447429315069,3.0068958598634548,163.36822076117932,4.696176132790034,168.0278052617955,6.129280638328011,189.2772965834809,0.0,0.0,0.0,0.0,0.0,0.0,0.0,0.0,0.0,0.0,2.0,0.0,1.0,0.0,0.0,1.0,"2021-04-08, 10:07:00",1.0,CAN,56,1874,450
48.446833,-125.93337784352613,193.73776908023484,6.0,1617877200.0,2618.0000000000005,2771.7326659999994,16821130922.97522,98.00000000000003,3.0,1.0,2021.0,4.0,8.0,10.0,6.4300357340881735,0.5365239400000001,6.03458556845244,186.24742956481302,3.084122495894105,172.60273972602775,3.8924615727825462,149.47162428962872,2.9628618199479266,162.03615602283486,4.7093299652408955,170.8091735179617,6.121981016778973,190.12844865721115,0.0,0.0,0.0,0.0,0.0,0.0,0.0,0.0,0.0,0.0,2.0,0.0,1.0,0.0,0.0,1.0,"2021-04-08, 10:20:00",1.0,CAN,56,1874,450
48.47643,-125.97690518346319,10.567514677103718,8.7,1617878280.0,2620.0,2776.6232909999994,16821130922.97522,98.00000000000003,3.0,1.0,2021.0,4.0,8.0,10.0,6.4300357340881735,0.5365239400000001,6.054556996425138,184.33535908199082,3.2204373023424626,127.9373776908026,4.007623157845759,138.78669275929596,3.0488330405736286,158.61084679352945,4.791465215289912,166.0579835880611,6.142241679510477,188.1765344994068,0.0,0.0,0.0,0.0,0.0,0.0,0.0,0.0,0.0,0.0,2.0,0.0,1.0,0.0,0.0,1.0,"2021-04-08, 10:38:00",1.0,CAN,56,1874,450
48.50156,-125.96342768141847,45.088062622309195,9.0,1617878940.0,2623.0,2777.490967,16821130922.97522,98.00000000000003,3.0,1.0,2021.0,4.0,8.0,10.0,6.4300357340881735,0.5365239400000001,6.077057288122997,182.97365866911585,3.305634056372687,98.91193737769103,4.119607871678059,132.09393346379693,3.1180293886887998,154.29749446241624,4.876294125748986,162.93328580874473,6.165067830052845,186.7864590087504,0.0,0.0,0.0,0.0,0.0,0.0,0.0,0.0,0.0,0.0,2.0,0.0,1.0,0.0,0.0,1.0,"2021-04-08, 10:49:00",1.0,CAN,56,1874,450
48.501999999999995,-125.94316151167713,142.3091976516634,9.0,1617879420.0,2623.0,2776.594971,16821130922.97522,98.00000000000003,3.0,1.0,2021.0,4.0,8.0,10.0,6.4300357340881735,0.5365239400000001,6.099068442633842,183.05766892419797,3.561224318463358,82.84931506849331,4.216661290415316,132.77495109980478,3.2438409313854732,155.21725344433824,4.956275669092001,163.67237434530898,6.187397759514319,186.87221986734255,0.0,0.0,0.0,0.0,0.0,0.0,0.0,0.0,0.0,0.0,2.0,0.0,1.0,0.0,0.0,1.0,"2021-04-08, 10:57:00",1.0,CAN,56,1874,450
48.49728999999999,-125.94585701208605,141.6046966731898,9.5,1617879540.0,2623.0,2776.594971,16821130922.97522,98.00000000000003,3.0,1.0,2021.0,4.0,8.0,10.0,6.4300357340881735,0.5365239400000001,6.12544619346303,183.12972118205388,3.595303020075448,106.66144814090042,4.320942090970595,133.32681017612572,3.320076734595546,155.8209868030442,5.043658930358419,164.34443960536964,6.214157524208985,186.94577354827337,0.0,0.0,0.0,0.0,0.0,0.0,0.0,0.0,0.0,0.0,2.0,0.0,1.0,0.0,0.0,1.0,"2021-04-08, 10:59:00",1.0,CAN,56,1874,450
48.48574000000001,-125.96931784897878,199.37377690802347,7.1,1617880200.0,2622.0,2777.056641,16821130922.97522,98.00000000000003,3.0,1.0,2021.0,4.0,8.0,11.0,6.4300357340881735,0.5365239400000001,6.128278082314442,184.02379285250183,3.689019449508695,107.78864970645814,4.803111733890327,142.3091976516639,3.3442009432008124,158.80442274976164,5.070998784869348,167.05158639204208,6.217030425685536,187.85847586093254,0.0,0.0,0.0,0.0,0.0,0.0,0.0,0.0,0.0,0.0,2.0,0.0,1.0,0.0,0.0,1.0,"2021-04-08, 11:10:00",1.0,CAN,56,1874,450
48.49796,-126.00495835438593,32.40704500978473,4.2,1617881160.0,2622.0,2779.2849120000005,16821130922.97522,98.00000000000003,3.0,1.0,2021.0,4.0,8.0,11.0,6.4300357340881735,0.5365239400000001,6.1035696001560815,182.54383001464913,3.305634056372687,112.15655577299434,4.811371599710194,137.80039138943297,3.3119888498979684,154.82397716460466,5.03181379421325,163.78692294937653,6.191964104724292,186.34767359596307,0.0,0.0,0.0,0.0,0.0,0.0,0.0,0.0,0.0,0.0,2.0,0.0,1.0,0.0,0.0,1.0,"2021-04-08, 11:26:00",1.0,CAN,56,1874,450
48.49333000000001,-125.9832945177659,90.17612524461839,4.0,1617881880.0,2620.9999999999995,2777.5053709999997,16821130922.97522,98.00000000000003,3.0,1.0,2021.0,4.0,8.0,11.0,6.4300357340881735,0.5365239400000001,6.077500396473192,181.90109483868721,2.879650286221567,121.1741682974562,4.609004897035302,127.79647749510809,3.2782023633477655,153.36545840152186,4.990264701365119,162.65486134141454,6.165517355687618,185.691545121124,0.0,0.0,0.0,0.0,0.0,0.0,0.0,0.0,0.0,0.0,2.0,0.0,1.0,0.0,0.0,1.0,"2021-04-08, 11:38:00",1.0,CAN,56,1874,450
48.46396,-125.94016651122274,112.72015655577299,4.5,1617884340.0,2619.0,2773.063721,16821130922.97522,98.00000000000003,3.0,1.0,2021.0,4.0,8.0,12.0,6.4300357340881735,0.5365239400000001,6.0566090705386015,181.58305850418094,2.49626489308556,115.2563600782781,4.393613022003916,125.94309801956993,3.3457753364481717,154.7742549476684,4.961453686073827,162.32713111207661,6.144323472638628,185.36688155375242,0.0,0.0,0.0,0.0,0.0,0.0,0.0,0.0,0.0,0.0,2.0,0.0,1.0,0.0,0.0,1.0,"2021-04-08, 12:19:00",1.0,CAN,56,1874,450
48.38895,-125.89074900372538,97.92563600782778,0.9000000000000001,1617889800.0,2611.0,2764.641846,16821130922.97522,98.00000000000003,3.0,1.0,2021.0,4.0,8.0,13.0,6.4300357340881735,0.5365239400000001,6.003074369000392,181.06921147561044,1.7635728084256346,106.52054794520569,3.469143470886786,116.6452334559691,3.3617711753967714,148.82378026641246,4.859163713967442,161.5366592505448,6.090013458663653,184.8423269941673,0.0,0.0,0.0,0.0,0.0,0.0,0.0,0.0,0.0,0.0,2.0,0.0,1.0,0.0,0.0,1.0,"2021-04-08, 13:50:00",1.0,CAN,56,1874,450
48.38006,-125.88256266915006,104.97064579256359,3.7,1617890760.0,2610.0,2763.3100589999995,16821130922.97522,98.00000000000003,3.0,1.0,2021.0,4.0,8.0,14.000000000000002,6.4300357340881735,0.5365239400000001,5.976082269584697,180.6611060188934,1.4739038447228732,87.63992172211368,2.519258949302852,106.26223089628218,3.319537542244631,148.11607995242576,4.8186013453059084,161.00636709996064,6.062630448123581,184.42571744655928,0.0,0.0,0.0,0.0,0.0,0.0,0.0,0.0,0.0,0.0,2.0,0.0,1.0,0.0,0.0,1.0,"2021-04-08, 14:06:00",1.0,CAN,56,1874,450
48.366659999999996,-125.87846950186238,145.8317025440313,5.0,1617891420.0,2609.0,2762.4274899999996,16821130922.97522,98.00000000000003,3.0,1.0,2021.0,4.0,8.0,14.000000000000002,6.4300357340881735,0.5365239400000001,5.96133302245333,180.80872456047487,1.5420612479470526,110.32485322896302,2.302437482372429,97.33855188258352,3.3037705153010997,149.05619837297763,4.805709429850083,161.76144421636047,6.047667596089126,184.57641205947021,0.0,0.0,0.0,0.0,0.0,0.0,0.0,0.0,0.0,0.0,2.0,0.0,1.0,0.0,0.0,1.0,"2021-04-08, 14:17:00",1.0,CAN,56,1874,450
48.370000000000005,-125.91171400690608,200.07827788649703,8.0,1617892140.0,2609.0,2763.776611,16821130922.97522,98.00000000000003,3.0,1.0,2021.0,4.0,8.0,14.000000000000002,6.4300357340881735,0.5365239400000001,5.973615388599078,181.67315830874114,1.882848264067948,132.3052837573388,2.6947810889924133,125.28375731506895,3.342065671718623,151.9980970504277,4.851552360447171,164.11785532497152,6.0601278407127985,185.45885885569626,0.0,0.0,0.0,0.0,0.0,0.0,0.0,0.0,0.0,0.0,2.0,0.0,1.0,0.0,0.0,1.0,"2021-04-08, 14:29:00",1.0,CAN,56,1874,450
48.39686999999999,-125.94286201163169,225.44031311154598,8.9,1617892980.0,2611.999999999999,2767.771729,16821130922.97522,98.00000000000003,3.0,1.0,2021.0,4.0,8.0,14.000000000000002,6.4300357340881735,0.5365239400000001,5.993600143598969,182.8538442837042,2.257713981800933,154.84931506849347,3.2006978453699007,147.82778862622362,3.3934804170755877,155.6958740437674,4.912414822825139,167.1172652531412,6.080402023479202,186.6641479342923,0.0,0.0,0.0,0.0,0.0,0.0,0.0,0.0,0.0,0.0,2.0,0.0,1.0,0.0,0.0,1.0,"2021-04-08, 14:43:00",1.0,CAN,56,1874,450
48.426670000000016,-125.95993351422166,252.21135029354204,9.0,1617894300.0,2615.0000000000005,2771.315918,16821130922.97522,98.00000000000003,3.0,1.0,2021.0,4.0,8.0,15.0,6.4300357340881735,0.5365239400000001,6.014070856168197,184.35990288451475,2.9478076894457463,185.70645792563644,3.539942317054417,162.73972602739784,3.4435359182454897,160.13320647002806,4.972485113111888,170.7583767858111,6.101169201660239,188.20158974504926,0.0,0.0,0.0,0.0,0.0,0.0,0.0,0.0,0.0,0.0,2.0,0.0,1.0,0.0,0.0,1.0,"2021-04-08, 15:05:00",1.0,CAN,56,1874,450
48.47983,-125.973111516221,73.26810176125244,4.8,1617895500.0,2620.0,2776.174561,16821130922.97522,98.00000000000003,3.0,1.0,2021.0,4.0,8.0,15.0,6.4300357340881735,0.5365239400000001,5.9977923983834645,183.53128384018748,3.0415241188789928,179.36594911937416,3.5664918845221525,157.10371819960918,3.422792872632625,158.10248740247334,4.953787110529288,169.19340435136712,6.084654992289912,187.35570395863127,0.0,0.0,0.0,0.0,0.0,0.0,0.0,0.0,0.0,0.0,2.0,0.0,1.0,0.0,0.0,1.0,"2021-04-08, 15:25:00",1.0,CAN,56,1874,450
48.47332999999999,-125.96163068114583,125.40117416829744,4.0,1617896100.0,2619.0,2774.8435059999997,16821130922.97522,98.00000000000003,3.0,1.0,2021.0,4.0,8.0,15.0,6.4300357340881735,0.5365239400000001,5.974965099392077,183.3837940700661,2.9563273648487693,175.27984344422737,3.4304253517920675,153.14090019569528,3.3906210638710816,157.94481442435728,4.921654028660174,169.13457374643423,6.061497098594579,187.20514080051674,0.0,0.0,0.0,0.0,0.0,0.0,0.0,0.0,0.0,0.0,2.0,0.0,1.0,0.0,0.0,1.0,"2021-04-08, 15:35:00",1.0,CAN,56,1874,450
48.43555,-125.96232951458519,131.0371819960861,2.8,1617898320.0,2616.0000000000005,2772.197754,16821130922.97522,98.00000000000003,3.0,1.0,2021.0,4.0,8.0,16.0,6.4300357340881735,0.5365239400000001,5.9423772041558465,183.31033797671827,2.5133042438916053,161.47162426614514,3.2419971719912737,150.68493151467763,3.4346551037866107,153.97240726926685,4.869946384335663,169.23074206837273,6.028437251526382,187.13015403100655,0.0,0.0,0.0,0.0,0.0,0.0,0.0,0.0,0.0,0.0,2.0,0.0,1.0,0.0,0.0,1.0,"2021-04-08, 16:12:00",1.0,CAN,56,1874,450
48.38999999999999,-125.93497517710182,83.13111545988258,0.0,1617902220.0,2611.0,2766.440186,16821130922.97522,98.00000000000003,3.0,1.0,2021.0,4.0,8.0,17.0,6.4300357340881735,0.5365239400000001,5.886840968401069,182.63828369178623,1.7550531330226127,133.0097847358124,3.318695922315952,155.7953592093939,3.3686040439133182,162.35965746907658,4.772547456341924,168.0519255733489,5.972096716260543,186.4440954963673,0.0,0.0,0.0,0.0,0.0,0.0,0.0,0.0,0.0,0.0,2.0,0.0,1.0,0.0,0.0,1.0,"2021-04-08, 17:17:00",1.0,CAN,56,1874,450
48.383750000000006,-125.92599017573865,103.56164383561642,3.6000000000000005,1617903420.0,2610.0,2765.108398,16821130922.97522,98.00000000000003,3.0,1.0,2021.0,4.0,8.0,17.0,6.4300357340881735,0.5365239400000001,5.862340898838301,182.23217579762294,1.2949906612594033,103.27984344422721,2.929302267774491,142.0072686810181,3.3256860740373644,161.1828980494762,4.739169256413679,167.45081065859338,5.947241826215213,186.0295251364696,0.0,0.0,0.0,0.0,0.0,0.0,0.0,0.0,0.0,0.0,2.0,0.0,1.0,0.0,0.0,1.0,"2021-04-08, 17:37:00",1.0,CAN,56,1874,450
48.37500000000001,-125.90173067205814,72.56360078277886,8.0,1617904200.0,2610.0,2764.20874,16821130922.97522,98.00000000000003,3.0,1.0,2021.0,4.0,8.0,17.0,6.4300357340881735,0.5365239400000001,5.874629991513852,181.45242599442338,1.5676202741561196,103.1389432485325,2.8496535653712884,120.16773834833701,3.363296369474379,158.9022359657464,4.7792390471773,166.0819492133315,5.959708894785168,185.23352692715466,0.0,0.0,0.0,0.0,0.0,0.0,0.0,0.0,0.0,0.0,2.0,0.0,1.0,0.0,0.0,1.0,"2021-04-08, 17:50:00",1.0,CAN,56,1874,450
48.365990000000004,-125.82475916038042,45.088062622309195,8.9,1617905460.0,2610.0,2759.7341309999997,16821130922.97522,98.00000000000003,3.0,1.0,2021.0,4.0,8.0,18.0,6.4300357340881735,0.5365239400000001,5.894061177057258,180.3521368378609,1.9850843689042164,87.0763209393348,2.840803709755207,90.5786972524465,3.4140677601480225,155.74777270218792,4.832279125175867,164.07697393682784,5.979421491065535,184.1103099737697,0.0,0.0,0.0,0.0,0.0,0.0,0.0,0.0,0.0,0.0,2.0,0.0,1.0,0.0,0.0,1.0,"2021-04-08, 18:11:00",1.0,CAN,56,1874,450
48.36125999999999,-125.72432681181003,95.10763209393343,9.6,1617907440.0,2610.0,2754.375,16821130922.97522,98.00000000000003,3.0,1.0,2021.0,4.0,8.0,18.0,7.6893711248856365,0.25889286,5.918819387103693,179.87553884225636,2.564422296309739,79.89041095890428,3.3968696483701475,88.41487279843476,3.473508668318049,154.5670789724067,4.894410216123281,163.37516227088238,6.004538260095389,183.62378064153052,0.0,0.0,0.0,0.0,0.0,0.0,0.0,0.0,0.0,0.0,2.0,0.0,1.0,0.0,0.0,1.0,"2021-04-08, 18:44:00",1.0,CAN,56,1874,450
48.33000000000001,-125.66881947005544,73.97260273972601,9.0,1617908520.0,2608.0,2749.4846190000007,16821130922.97522,98.00000000000003,3.0,1.0,2021.0,4.0,8.0,19.0,7.6893711248856365,0.25889286,5.938312816453779,179.15457500431,3.3311930825817546,78.05870841487297,3.708089577476903,86.35169138160501,3.519847490702017,152.7198586013316,4.944978178503197,162.18905626655518,6.024314001623859,182.88779337788353,0.0,0.0,0.0,0.0,0.0,0.0,0.0,0.0,0.0,0.0,2.0,0.0,1.0,0.0,0.0,1.0,"2021-04-08, 19:02:00",1.0,CAN,56,1874,450
48.30859000000001,-125.68199747205472,150.0587084148728,10.2,1617909180.0,2605.0,2748.1586910000005,16821130922.97522,98.00000000000003,3.0,1.0,2021.0,4.0,8.0,19.0,7.6893711248856365,0.25889286,5.967021210833628,179.34867079106348,3.893491659181232,87.35812133072425,4.362978906076216,89.06905225831734,3.582483665874896,153.5442436156037,5.012015495142467,162.84787047339205,6.053438163245568,183.08593372759236,0.0,0.0,0.0,0.0,0.0,0.0,0.0,0.0,0.0,0.0,2.0,0.0,1.0,0.0,0.0,1.0,"2021-04-08, 19:13:00",1.0,CAN,56,1874,450
48.2785,-125.69317880708445,100.7436399217221,9.5,1617909900.0,2602.0000000000005,2745.9489749999993,16821130922.97522,98.00000000000003,3.0,1.0,2021.0,4.0,8.0,19.0,7.6893711248856365,0.25889286,5.989698211674192,178.95966788183233,4.021286790226568,92.99412915851292,4.553250805538908,90.5283757338555,3.631023119151784,152.70398845861038,5.066227031416166,162.3357398009559,6.076443582107995,182.68882478585783,0.0,0.0,0.0,0.0,0.0,0.0,0.0,0.0,0.0,0.0,2.0,0.0,1.0,0.0,0.0,1.0,"2021-04-08, 19:25:00",1.0,CAN,56,1874,450
48.21477000000001,-125.61301262825538,73.97260273972601,9.4,1617911820.0,2595.0,2736.16748,16821130922.97522,98.00000000000003,3.0,1.0,2021.0,4.0,8.0,19.0,7.6893711248856365,0.25889286,6.011198019386573,178.26547595141636,4.063885167241679,98.77103718199628,4.6943568397106565,88.68884540900227,3.6755179903281907,151.05162999048477,5.04976852711191,161.33548931891343,6.098254759228044,181.98016730205393,0.0,0.0,0.0,0.0,0.0,0.0,0.0,0.0,0.0,0.0,2.0,0.0,1.0,0.0,0.0,1.0,"2021-04-08, 19:57:00",1.0,CAN,56,1874,450
48.24703000000001,-125.56818745478809,16.908023483365948,11.1,1617912300.0,2599.9999999999995,2737.926757999999,16821130922.97522,98.00000000000003,3.0,1.0,2021.0,4.0,8.0,20.0,7.6893711248856365,0.25889286,6.045520189010567,176.92402985421842,4.191680298287015,83.13111545988275,4.912554950737895,81.51076320939364,3.90797852760625,149.1861033111318,5.125921358221808,158.94059889918168,6.133073997187185,180.61076818597775,0.0,0.0,0.0,0.0,0.0,0.0,0.0,0.0,0.0,0.0,2.0,0.0,1.0,0.0,0.0,1.0,"2021-04-08, 20:05:00",1.0,CAN,56,1874,450
48.23154000000001,-125.57847028968148,16.203522504892366,11.2,1617912480.0,2598.0,2736.5986329999996,16821130922.97522,98.00000000000003,3.0,1.0,2021.0,4.0,8.0,20.0,7.6893711248856365,0.25889286,6.080025084024405,175.59744553178948,4.379113157153507,71.57729941291598,5.09671240429946,75.5737413463799,3.9720028224135953,145.77845660323453,5.200938245427763,156.61104955430926,6.168078606843395,179.2565405339466,0.0,0.0,0.0,0.0,0.0,0.0,0.0,0.0,0.0,0.0,2.0,0.0,1.0,0.0,0.0,1.0,"2021-04-08, 20:08:00",1.0,CAN,56,1874,450
48.25644,-125.55271328577375,68.33659491193737,8.1,1617913140.0,2600.9999999999995,2737.923096,16821130922.97522,98.00000000000003,3.0,1.0,2021.0,4.0,8.0,20.0,7.6893711248856365,0.25889286,6.090294999746361,174.88539099843038,4.200199973690038,55.232876712328874,5.552882244209638,74.2287849393349,3.9877419992108867,144.1703872121784,5.14456342835626,155.48628885850655,6.178497255875802,178.52964822674411,0.0,0.0,0.0,0.0,0.0,0.0,0.0,0.0,0.0,0.0,2.0,0.0,1.0,0.0,0.0,1.0,"2021-04-08, 20:19:00",1.0,CAN,56,1874,450
48.245900000000006,-125.49121594311039,46.49706457925635,8.6,1617914220.0,2600.9999999999995,2734.3645019999994,16821130922.97522,98.00000000000003,3.0,1.0,2021.0,4.0,8.0,20.0,7.6893711248856365,0.25889286,6.104174797889345,173.93936901253628,4.123522895062837,44.38356164383571,5.834468564560596,69.0410958904112,4.028618016428944,138.56727930542297,5.181062508448389,153.92297703505346,6.192578067189886,177.56391305931692,0.0,0.0,0.0,0.0,0.0,0.0,0.0,0.0,0.0,0.0,2.0,0.0,1.0,0.0,0.0,1.0,"2021-04-08, 20:37:00",1.0,CAN,56,1874,450
48.26167000000001,-125.46575843924812,2.818003913894324,8.0,1617914820.0,2602.9999999999995,2733.921875,16821130922.97522,98.00000000000003,3.0,1.0,2021.0,4.0,8.0,20.0,7.6893711248856365,0.25889286,6.113322107820854,172.52134335882621,4.004247439420523,30.152641878669332,5.761256121294127,63.52250489471647,4.013719280863772,133.22650110371035,5.207976210973438,151.46093874859733,6.201857852374812,176.1163386239221,0.0,0.0,0.0,0.0,0.0,0.0,0.0,0.0,0.0,0.0,2.0,0.0,1.0,0.0,0.0,1.0,"2021-04-08, 20:47:00",1.0,CAN,56,1874,450
48.27333,-125.49071677636798,205.00978473581213,6.0,1617915540.0,2602.9999999999995,2736.143311,16821130922.97522,98.00000000000003,3.0,1.0,2021.0,4.0,8.0,20.0,7.6893711248856365,0.25889286,6.1074383639513075,173.36600190810154,3.5697439938663815,67.77299412915866,5.658007803501714,74.55968686497091,3.9979037007298546,136.1999561274972,5.206510446173733,153.40489388490204,6.1958888976109145,176.97859814607503,0.0,0.0,0.0,0.0,0.0,0.0,0.0,0.0,0.0,0.0,2.0,0.0,1.0,0.0,0.0,1.0,"2021-04-08, 20:59:00",1.0,CAN,56,1874,450
48.273199999999996,-125.52495961489645,181.76125244618393,7.9,1617916200.0,2602.9999999999995,2737.4763179999995,16821130922.97522,98.00000000000003,3.0,1.0,2021.0,4.0,8.0,21.000000000000004,7.6893711248856365,0.25889286,6.115671072883097,173.94144984226583,3.288594705566642,100.88454011741703,5.599235684181078,82.80596113502965,4.021130446978045,135.38754299714515,5.230812079575819,154.79755206231445,6.2042408361533985,177.56603724932225,0.0,0.0,0.0,0.0,0.0,0.0,0.0,0.0,0.0,0.0,2.0,0.0,1.0,0.0,0.0,1.0,"2021-04-08, 21:10:00",1.0,CAN,56,1874,450
48.273199999999996,-125.52495961489645,181.76125244618393,7.9,1617916200.0,2602.9999999999995,2737.4763179999995,16821130922.97522,98.00000000000003,3.0,1.0,2021.0,4.0,8.0,21.000000000000004,7.6893711248856365,0.25889286,6.123769916489942,174.50754098157844,3.2715553547605976,123.5694716242664,5.548859582171745,89.87419627397291,4.032417193743296,137.5261655566123,5.254354287760286,156.14668974470302,6.212456970676069,178.14392458107008,0.0,0.0,0.0,0.0,0.0,0.0,0.0,0.0,0.0,0.0,2.0,0.0,1.0,0.0,0.0,1.0,"2021-04-08, 21:10:00",1.0,CAN,56,1874,450
48.26165,-125.63267979790585,159.92172211350294,7.8,1617918120.0,2599.9999999999995,2741.493164,16821130922.97522,98.00000000000003,3.0,1.0,2021.0,4.0,8.0,21.000000000000004,7.6893711248856365,0.25889286,6.131012141207804,174.82848345380822,3.2033979515364184,146.25440313111574,5.500185375663805,98.076600493151,4.007759786637703,135.84055281636495,5.34763473415725,158.83383816530022,6.219804080388752,178.47155484418744,0.0,0.0,0.0,0.0,0.0,0.0,0.0,0.0,0.0,0.0,2.0,0.0,1.0,0.0,0.0,1.0,"2021-04-08, 21:42:00",1.0,CAN,56,1874,450
48.24999999999999,-125.60891946096775,52.83757338551859,9.0,1617918780.0,2599.0000000000005,2739.712646,16821130922.97522,98.00000000000003,3.0,1.0,2021.0,4.0,8.0,21.000000000000004,7.6893711248856365,0.25889286,6.1467807123695755,173.99629893167167,3.288594705566642,156.25831702544062,5.473635808196072,95.0573105753428,4.035647163029319,134.00424505233067,5.383450325071865,157.46869489225824,6.235801018740038,177.62202928262633,0.0,0.0,0.0,0.0,0.0,0.0,0.0,0.0,0.0,0.0,2.0,0.0,1.0,0.0,0.0,1.0,"2021-04-08, 21:53:00",1.0,CAN,56,1874,450
48.24000000000001,-125.60053345969543,98.63013698630137,8.0,1617919500.0,2599.0000000000005,2738.37915,16821130922.97522,98.00000000000003,3.0,1.0,2021.0,4.0,8.0,22.0,7.6893711248856365,0.25889286,6.155154294028337,173.66434517790586,3.45898821362709,134.98238747553845,5.429386528876685,96.81856302152676,4.064680595698021,130.13979362511853,5.435933389811909,158.8347368411981,6.244295870188561,177.2831582851747,0.0,0.0,0.0,0.0,0.0,0.0,0.0,0.0,0.0,0.0,2.0,0.0,1.0,0.0,0.0,1.0,"2021-04-08, 22:05:00",1.0,CAN,56,1874,450
48.24553999999999,-125.57387795565141,29.58904109589041,8.5,1617920100.0,2599.9999999999995,2737.926757999999,16821130922.97522,98.00000000000003,3.0,1.0,2021.0,4.0,8.0,22.0,7.6893711248856365,0.25889286,6.166940227510961,172.60912225607407,3.5101062660452245,104.54794520547966,5.354162754901012,88.21358679452086,4.0559705660672565,130.35936468125553,5.463407478616423,157.02293379489777,6.256252492599027,176.20594665554742,0.0,0.0,0.0,0.0,0.0,0.0,0.0,0.0,0.0,0.0,2.0,0.0,1.0,0.0,0.0,1.0,"2021-04-08, 22:15:00",1.0,CAN,56,1874,450
48.25659999999999,-125.54692295156195,68.33659491193737,7.599999999999999,1617920700.0,2600.9999999999995,2737.477539,16821130922.97522,98.00000000000003,3.0,1.0,2021.0,4.0,8.0,22.0,7.6893711248856365,0.25889286,6.172212252370226,171.97604324028623,3.4845472398361568,81.8630136986303,5.27008912468977,85.89879785518622,4.079197312315446,126.45099907706906,5.456946494954385,153.90739942536067,6.261600869176391,175.55967555569694,0.0,0.0,0.0,0.0,0.0,0.0,0.0,0.0,0.0,0.0,2.0,0.0,1.0,0.0,0.0,1.0,"2021-04-08, 22:25:00",1.0,CAN,56,1874,450
48.26153000000001,-125.51198127959411,27.475538160469664,7.299999999999999,1617921420.0,2602.0000000000005,2736.1428219999993,16821130922.97522,98.00000000000003,3.0,1.0,2021.0,4.0,8.0,22.0,7.6893711248856365,0.25889286,6.175308978527469,170.92831285375942,3.4419488628210457,55.373776908023586,5.220234937350423,82.00391389432512,4.080540108656343,124.12464319695488,5.4918358048531175,152.71783171960564,6.264742443445868,174.4901125906304,0.0,0.0,0.0,0.0,0.0,0.0,0.0,0.0,0.0,0.0,2.0,0.0,1.0,0.0,0.0,1.0,"2021-04-08, 22:37:00",1.0,CAN,56,1874,450
48.28667,-125.48412777536834,162.03522504892368,5.0,1617922560.0,2605.9999999999995,2737.479248,16821130922.97522,98.00000000000003,3.0,1.0,2021.0,4.0,8.0,22.0,7.6893711248856365,0.25889286,6.162430890485272,171.28376135692298,3.1011618467001503,77.21330724070465,5.087560849046024,87.00587084148758,4.000807043940109,130.6228499999996,5.5277787526805655,153.01108410558572,6.251677849426537,174.85296792045654,0.0,0.0,0.0,0.0,0.0,0.0,0.0,0.0,0.0,0.0,2.0,0.0,1.0,0.0,0.0,1.0,"2021-04-08, 22:56:00",1.0,CAN,56,1874,450
48.249259999999985,-125.54023411721383,195.14677103718196,6.1,1617924900.0,2599.9999999999995,2736.5893549999996,16821130922.97522,98.00000000000003,3.0,1.0,2021.0,4.0,8.0,23.0,7.6893711248856365,0.25889286,6.157308610134455,171.97249617188655,2.939288014042724,96.51663405088081,4.655704905058974,108.60153548336632,3.9614909366704767,130.68506183634594,5.522848525236909,154.61547537170432,6.246481386021618,175.5560545735782,0.0,0.0,0.0,0.0,0.0,0.0,0.0,0.0,0.0,0.0,2.0,0.0,1.0,0.0,0.0,1.0,"2021-04-08, 23:35:00",1.0,CAN,56,1874,450
48.26127,-125.60472646033159,224.0313111545988,7.299999999999999,1617926880.0,2600.9999999999995,2740.1528320000007,16821130922.97522,99.0,4.0,1.0,2021.0,4.0,9.0,0.0,7.6893711248856365,0.25889286,6.160447863227968,172.94403020084292,2.8370519092064557,135.40508806262258,4.640542565008771,125.59331081800437,4.01338819803993,135.2045670884867,5.5333403900289655,156.7439306793634,6.249666103120638,176.54783340335734,0.0,0.0,0.0,0.0,0.0,0.0,0.0,0.0,0.0,0.0,2.0,0.0,1.0,0.0,0.0,1.0,"2021-04-09, 00:08:00",1.0,CAN,56,1874,450
48.27000000000001,-125.64046679908725,89.47162426614481,9.0,1617928140.0,2600.9999999999995,2742.826416,16821130922.97522,99.0,4.0,1.0,2021.0,4.0,9.0,0.0,7.6893711248856365,0.25889286,6.175046627661053,172.5451817505367,2.9563273648487693,139.63209393346406,4.683343685697161,110.74755381604734,4.084157190559118,134.41960036156,5.637719021987442,156.99503353007734,6.264476293102035,176.14067375941892,0.0,0.0,0.0,0.0,0.0,0.0,0.0,0.0,0.0,0.0,2.0,0.0,1.0,0.0,0.0,1.0,"2021-04-09, 00:29:00",1.0,CAN,56,1874,450
48.230000000000004,-125.5905501248475,74.6771037181996,9.0,1617929400.0,2598.0,2737.0456540000005,16821130922.97522,99.0,4.0,1.0,2021.0,4.0,9.0,0.0,7.6893711248856365,0.25889286,6.189427500060803,172.00433463216385,3.1011618467001503,149.0724070450101,4.7576824743590205,102.22309197651698,4.111487197725629,133.23990022835352,5.697545798924892,156.72998059368615,6.279065435444509,175.58855648286254,0.0,0.0,0.0,0.0,0.0,0.0,0.0,0.0,0.0,0.0,2.0,0.0,1.0,0.0,0.0,1.0,"2021-04-09, 00:50:00",1.0,CAN,56,1874,450
48.254110000000004,-125.54562511803172,54.246575342465746,7.9,1617930720.0,2599.9999999999995,2736.5893549999996,16821130922.97522,99.0,4.0,1.0,2021.0,4.0,9.0,1.0,7.6893711248856365,0.25889286,6.1962601032399744,171.2686992500144,3.3482324333877993,127.51467710371844,4.659940733573356,102.77886497847393,4.120990174668403,131.4687766127493,5.752280934654968,154.07945132324042,6.332907416387573,176.14235009719636,0.0,0.0,0.0,0.0,0.0,0.0,0.0,0.0,0.0,0.0,2.0,0.0,1.0,0.0,0.0,1.0,"2021-04-09, 01:12:00",1.0,CAN,56,1874,450
48.24999999999999,-125.47913610794437,189.5107632093933,6.999999999999999,1617932460.0,2600.9999999999995,2733.919922,16821130922.97522,99.0,4.0,1.0,2021.0,4.0,9.0,1.0,7.6893711248856365,0.25889286,6.19703481186483,171.87669001678995,3.424909512015,126.38747553816073,4.539976022114786,141.30276770254451,4.116940775181064,134.00424505233067,5.790468239446042,153.5074950064944,6.333351682505935,176.7579427893772,0.0,0.0,0.0,0.0,0.0,0.0,0.0,0.0,0.0,0.0,2.0,0.0,1.0,0.0,0.0,1.0,"2021-04-09, 01:41:00",1.0,CAN,56,1874,450
48.263329999999996,-125.517372280412,143.013698630137,9.0,1617933720.0,2602.0000000000005,2736.5874019999997,16821130922.97522,99.0,4.0,1.0,2021.0,4.0,9.0,1.9999999999999998,7.6893711248856365,0.25889286,6.210940277408469,172.02099646956412,3.5697439938663815,110.18395303326832,4.89397025357243,138.58540675538208,4.23452617774407,135.4095000856323,5.818191473819903,154.04026774556843,6.347219841863398,176.8967829552388,0.0,0.0,0.0,0.0,0.0,0.0,0.0,0.0,0.0,0.0,2.0,0.0,1.0,0.0,0.0,1.0,"2021-04-09, 02:02:00",1.0,CAN,56,1874,450
48.241659999999996,-125.57228062207575,160.6262230919765,9.0,1617934980.0,2599.0000000000005,2737.0393070000005,16821130922.97522,99.0,4.0,1.0,2021.0,4.0,9.0,1.9999999999999998,7.6893711248856365,0.25889286,6.224644214426828,172.33423918262176,3.5697439938663815,124.41487279843469,4.979150115580811,141.34050880626273,4.350430697842838,136.08843705042773,5.845111135206473,154.89624293899118,6.360885546826362,177.2094620663818,0.0,0.0,0.0,0.0,0.0,0.0,0.0,0.0,0.0,0.0,2.0,0.0,1.0,0.0,0.0,1.0,"2021-04-09, 02:23:00",0.0,CAN,56,1874,450
48.24629,-125.62339529649725,183.1702544031311,8.7,1617936360.0,2599.0000000000005,2740.159668,16821130922.97522,99.0,4.0,1.0,2021.0,4.0,9.0,1.9999999999999998,7.6893711248856365,0.25889286,6.236208025688275,172.86031506275793,3.544184967657314,146.11350293542102,5.180484334873348,139.84344422700636,4.342538394862201,131.80497336822032,5.867606593930027,156.155034952838,6.372367830082182,177.74108665812474,0.0,0.0,0.0,0.0,0.0,0.0,0.0,0.0,0.0,0.0,2.0,0.0,1.0,0.0,0.0,1.0,"2021-04-09, 02:46:00",0.0,CAN,56,1874,450
48.25333,-125.6538444677835,82.426614481409,5.0,1617937860.0,2599.0000000000005,2741.501709,16821130922.97522,99.0,4.0,1.0,2021.0,4.0,9.0,3.0,7.6893711248856365,0.25889286,6.223814808635994,172.41457322021523,3.2971143809696652,151.74951076320968,5.0023809870376414,122.14285714285758,4.281332779771678,126.22727389153148,5.8450240925034835,155.49588314669347,6.359374861927277,177.27358348017356,0.0,0.0,0.0,0.0,0.0,0.0,0.0,0.0,0.0,0.0,2.0,0.0,1.0,0.0,0.0,1.0,"2021-04-09, 03:11:00",1.0,CAN,56,1874,450
48.24333000000001,-125.53733895010791,71.85909980430527,0.0,1617943260.0,2599.0000000000005,2735.701416,16821130922.97522,99.0,4.0,1.0,2021.0,4.0,9.0,3.9999999999999996,7.6893711248856365,0.25889286,6.179674277612214,171.87472077640479,2.7007371027580973,128.21917808219203,3.927566000968253,128.21917808219223,4.338341438628547,124.48552401522318,5.903757242238151,155.61396822501456,6.31395075572499,176.7095006367876,0.0,0.0,0.0,0.0,0.0,0.0,0.0,0.0,0.0,0.0,2.0,0.0,1.0,0.0,0.0,1.0,"2021-04-09, 04:41:00",0.0,CAN,56,1874,450
48.249629999999996,-125.55900278672797,201.4872798434442,10.2,1617945720.0,2599.9999999999995,2737.480713,16821130922.97522,99.0,4.0,1.0,2021.0,4.0,9.0,5.0,7.6893711248856365,0.25889286,6.200819961257692,172.5657767819024,2.8029732075943667,139.9138943248535,4.076243578291974,139.91389432485371,4.503334289516359,128.59589509038966,5.99487802477329,157.36803917265635,6.335237234208879,177.41107170477136,0.0,0.0,0.0,0.0,0.0,0.0,0.0,0.0,0.0,0.0,2.0,0.0,1.0,0.0,0.0,1.0,"2021-04-09, 05:22:00",0.0,CAN,56,1874,450
48.300000000000004,-125.68878613975134,3.522504892367906,10.0,1617947940.0,2604.000000000001,2747.719971,16821130922.97522,99.0,4.0,1.0,2021.0,4.0,9.0,5.0,7.6893711248856365,0.25889286,6.220410836166977,171.3920325704716,2.88816996162459,108.49315068493173,3.902786404747634,89.82387475538192,4.609142854188664,126.20753340627932,6.03326620554098,155.0544825201249,6.354937608209658,176.1956326582528,0.0,0.0,0.0,0.0,0.0,0.0,0.0,0.0,0.0,0.0,2.0,0.0,1.0,0.0,0.0,1.0,"2021-04-09, 05:59:00",0.0,CAN,56,1874,450
48.38969999999999,-125.69607397419034,200.78277886497057,10.3,1617949800.0,2613.9999999999995,2755.696533,16821130922.97522,99.0,4.0,1.0,2021.0,4.0,9.0,6.0,7.6893711248856365,0.25889286,6.241605097204667,172.07028657811762,3.024484768072948,112.01565557729964,4.723610529555668,119.41291585127242,4.632454992567837,131.77366090390063,6.074327201364025,156.71603041454296,6.376278402456552,176.88424550222015,0.0,0.0,0.0,0.0,0.0,0.0,0.0,0.0,0.0,0.0,2.0,0.0,1.0,0.0,0.0,1.0,"2021-04-09, 06:30:00",0.0,CAN,56,1874,450
48.38454999999999,-125.88605683634682,204.30528375733854,9.9,1617952560.0,2610.0,2763.3100589999995,16821130922.97522,99.0,4.0,1.0,2021.0,4.0,9.0,6.999999999999999,6.4300357340881735,0.5365239400000001,6.260023626732423,172.77173955731362,3.4419488628210457,136.3913894324856,5.00547843656522,136.39138943248582,4.58759994005632,135.64759752616513,6.10916375653295,158.39743423280348,6.3947859374961995,177.5967577726415,0.0,0.0,0.0,0.0,0.0,0.0,0.0,0.0,0.0,0.0,2.0,0.0,1.0,0.0,0.0,1.0,"2021-04-09, 07:16:00",0.0,CAN,56,1874,450
48.437169999999995,-125.93417651031397,21.83953033268102,10.900000000000002,1617954360.0,2616.0000000000005,2770.8500980000003,16821130922.97522,99.0,4.0,1.0,2021.0,4.0,9.0,6.999999999999999,6.4300357340881735,0.5365239400000001,6.284355817523313,171.7888251145567,4.370593481750486,126.38747553816073,6.355966430589005,126.38747553816091,4.612369087438036,132.6504519505229,6.155350698593553,156.52173911553814,6.419336603924607,176.57799456917044,0.0,0.0,0.0,0.0,0.0,0.0,0.0,0.0,0.0,0.0,2.0,0.0,1.0,0.0,0.0,1.0,"2021-04-09, 07:46:00",0.0,CAN,56,1874,450
48.50601999999999,-125.96562401508501,240.93933463796475,10.5,1617955680.0,2624.0,2778.373535,16821130922.97522,99.0,4.0,1.0,2021.0,4.0,9.0,7.999999999999999,6.4300357340881735,0.5365239400000001,6.305907348036785,172.816606781606,4.3961525079595525,134.27788649706483,6.380746026809624,145.47945205479502,4.519779655370048,146.91722172216888,6.347460023209641,159.6619746880177,6.441048853002219,177.6260955148619,0.0,0.0,0.0,0.0,0.0,0.0,0.0,0.0,0.0,0.0,2.0,0.0,1.0,0.0,0.0,1.0,"2021-04-09, 08:08:00",0.0,CAN,56,1874,450
48.54861999999999,-125.95534118019162,22.544031311154598,10.800000000000002,1617956820.0,2627.9999999999995,2781.459229,16821130922.97522,99.0,4.0,1.0,2021.0,4.0,9.0,7.999999999999999,6.4300357340881735,0.5365239400000001,6.3289924346210915,171.853050729925,4.464309911183732,138.0821917808222,6.442695017361174,115.65557732289668,4.570733329983863,145.06184586108427,6.4327450027725765,158.1500242250146,6.456687021829779,176.29929604102222,0.0,0.0,0.0,0.0,0.0,0.0,0.0,0.0,0.0,0.0,2.0,0.0,1.0,0.0,0.0,1.0,"2021-04-09, 08:27:00",0.0,CAN,56,1874,450
48.60472999999999,-125.97301168287251,204.30528375733854,10.3,1617958140.0,2633.9999999999995,2786.77124,16821130922.97522,99.0,4.0,1.0,2021.0,4.0,9.0,7.999999999999999,6.4300357340881735,0.5365239400000001,6.348746743859316,172.53713070206632,4.464309911183732,138.7866927592958,6.433845164223051,128.31982104892413,4.605353196153035,156.5602545956227,6.432014951407621,156.4370272990085,6.476754940956509,177.00124643897567,0.0,0.0,0.0,0.0,0.0,0.0,0.0,0.0,0.0,0.0,2.0,0.0,1.0,0.0,0.0,1.0,"2021-04-09, 08:49:00",0.0,CAN,56,1874,450
48.64871,-126.00286185406789,207.82778864970646,10.4,1617959400.0,2639.0,2792.5288090000004,16821130922.97522,99.0,4.0,1.0,2021.0,4.0,9.0,9.0,6.4300357340881735,0.5365239400000001,6.368837817100111,173.24355865899727,4.506908288198844,139.49119373776935,6.469244582970438,157.50629020743696,4.707448539529306,151.91880747859136,6.4842042673868585,156.4370272990085,6.49716874520732,177.7262700449303,0.0,0.0,0.0,0.0,0.0,0.0,0.0,0.0,0.0,0.0,2.0,0.0,1.0,0.0,0.0,1.0,"2021-04-09, 09:10:00",0.0,CAN,56,1874,450
48.71055,-126.04589002726254,226.14481409001954,10.7,1617961140.0,2644.9999999999995,2799.614502,16821130922.97522,99.0,4.0,1.0,2021.0,4.0,9.0,9.0,6.4300357340881735,0.5365239400000001,6.3904513222510415,174.1031853799886,4.489868937392799,180.35225048923715,6.504644007912724,161.12943806653675,4.755676297289389,156.3103167174115,6.517839952902602,158.35411665253523,6.519147336415264,178.60973195359801,0.0,0.0,0.0,0.0,0.0,0.0,0.0,0.0,0.0,0.0,2.0,0.0,1.0,0.0,0.0,1.0,"2021-04-09, 09:39:00",0.0,CAN,56,1874,450
48.76657000000001,-126.20781971849628,207.82778864970646,10.0,1617963900.0,2650.0,2812.491943,16821130922.97522,99.0,4.0,1.0,2021.0,4.0,9.0,10.0,6.4300357340881735,0.5365239400000001,6.407634636029462,174.79001524588978,4.447270560377686,173.72994129158545,6.513493861050845,161.63265304109646,4.819368390556659,172.15746910561316,6.569650885865862,157.02293379489777,6.536570956265882,179.31436522444142,0.0,0.0,0.0,0.0,0.0,0.0,0.0,0.0,0.0,0.0,2.0,0.0,1.0,0.0,0.0,1.0,"2021-04-09, 10:25:00",0.0,CAN,56,1874,450
48.82151,-126.13763687451522,11.272015655577299,10.900000000000002,1617966420.0,2656.0,2813.784424,16821130922.97522,99.0,4.0,1.0,2021.0,4.0,9.0,11.0,6.4300357340881735,0.5365239400000001,6.429888810735625,173.74632341179574,4.455790235780709,171.47553816047002,6.513493861050845,160.1230081174174,4.994444723977539,170.22297605137908,6.538515100109411,157.61488529987398,6.611700104297695,179.21773197479345,0.0,0.0,0.0,0.0,0.0,0.0,0.0,0.0,0.0,0.0,2.0,0.0,1.0,0.0,0.0,1.0,"2021-04-09, 11:07:00",0.0,CAN,56,1874,450
48.83688,-126.38083091141131,231.0763209393346,9.3,1617967860.0,2656.0,2826.2626949999994,16821130922.97522,99.0,4.0,1.0,2021.0,4.0,9.0,11.0,6.4300357340881735,0.5365239400000001,6.442500915477288,174.62885191038072,4.370593481750486,176.82974559686923,6.360096365357407,181.40900195694783,5.00572673771257,174.833491941008,6.620427226742043,160.27048239204194,6.646362048103195,181.34793237482518,0.0,0.0,0.0,0.0,0.0,0.0,0.0,0.0,0.0,0.0,2.0,0.0,1.0,0.0,0.0,1.0,"2021-04-09, 11:31:00",0.0,CAN,56,1874,450
48.986670000000004,-126.46908359146717,252.21135029354204,10.0,1617971340.0,2671.0,2843.474121,16821130922.97522,99.0,4.0,1.0,2021.0,4.0,9.0,12.0,6.4300357340881735,0.5365239400000001,6.459015846073609,175.682716595412,4.336514780138396,185.70645792563644,6.306407238147765,185.7064579256367,5.141688983860622,176.55912119885767,6.756628984251308,164.16180482908229,6.6836383359602305,182.01665333251336,0.0,0.0,0.0,0.0,0.0,0.0,0.0,0.0,0.0,0.0,2.0,0.0,1.0,0.0,0.0,1.0,"2021-04-09, 12:29:00",0.0,CAN,56,1874,450
48.975,-126.53237793440319,188.80626223091974,9.0,1617972600.0,2670.0,2845.2814940000007,16821130922.97522,99.0,4.0,1.0,2021.0,4.0,9.0,12.0,6.4300357340881735,0.5365239400000001,6.4695483314182365,176.17841307899167,4.191680298287015,178.2387475538164,6.095780670272496,178.2387475538167,5.141688983860622,182.86480404376726,6.772205580461696,165.62497705236228,6.694015248597418,182.53197059054094,0.0,0.0,0.0,0.0,0.0,0.0,0.0,0.0,0.0,0.0,2.0,0.0,1.0,0.0,0.0,1.0,"2021-04-09, 12:50:00",0.0,CAN,56,1874,450
49.008340000000004,-126.64379195130633,23.248532289628177,6.999999999999999,1617974940.0,2672.0000000000005,2852.849365,16821130922.97522,99.0,4.0,1.0,2021.0,4.0,9.0,13.0,6.104728706160415,0.5330980000000001,6.468478726757614,175.25469319597406,3.9360900361963433,141.32289628180067,5.724086726963198,141.3228962818009,5.118528222621055,181.15214942911456,6.758834630362713,163.37862397231027,6.737210405717547,180.9365821755666,0.0,0.0,0.0,0.0,0.0,0.0,0.0,0.0,0.0,0.0,2.0,0.0,1.0,0.0,0.0,1.0,"2021-04-09, 13:29:00",0.0,CAN,56,1874,450
49.02166999999999,-126.56562243944683,87.35812133072405,8.0,1617976200.0,2673.9999999999995,2850.1357420000004,16821130922.97522,99.0,4.0,1.0,2021.0,4.0,9.0,13.0,6.104728706160415,0.5330980000000001,6.473120330297094,174.8864037047735,3.689019449508695,156.54011741683007,5.596058812950164,132.3287670998048,5.1442624014616,175.50817407231153,6.859755189227904,163.1449588922584,6.75632709668782,178.91562398806872,0.0,0.0,0.0,0.0,0.0,0.0,0.0,0.0,0.0,0.0,2.0,0.0,1.0,0.0,0.0,1.0,"2021-04-09, 13:50:00",0.0,CAN,56,1874,450
48.94167,-126.55234460409909,101.44814090019571,6.999999999999999,1617978360.0,2665.0,2842.671387,16821130922.97522,99.0,4.0,1.0,2021.0,4.0,9.0,14.000000000000002,6.4300357340881735,0.5365239400000001,6.472041715219347,174.64149813630476,3.49306691523918,130.61448140900222,5.19339037436509,147.35812135420795,5.0926714996269125,172.16256622264456,6.951448588761424,162.55168717957986,6.7178811048010285,177.79430696126445,0.0,0.0,0.0,0.0,0.0,0.0,0.0,0.0,0.0,0.0,2.0,0.0,1.0,0.0,0.0,1.0,"2021-04-09, 14:26:00",0.0,CAN,56,1874,450
48.98150999999999,-126.41167941609145,23.95303326810176,8.0,1617981000.0,2671.0,2839.915771,16821130922.97522,99.0,4.0,1.0,2021.0,4.0,9.0,15.0,6.4300357340881735,0.5365239400000001,6.476603029811638,173.7506041187703,3.3226734071787316,84.96281800391407,5.059167561916393,112.83757340900235,5.07379976847718,162.94685334919077,6.9275343052380665,153.03832926698766,6.686524659751888,176.46569612899495,0.0,0.0,0.0,0.0,0.0,0.0,0.0,0.0,0.0,0.0,2.0,0.0,1.0,0.0,0.0,1.0,"2021-04-09, 15:10:00",0.0,CAN,56,1874,450
48.97167000000001,-126.34429190586778,100.7436399217221,8.0,1617982320.0,2670.0,2835.9167480000006,16821130922.97522,99.0,4.0,1.0,2021.0,4.0,9.0,15.0,6.4300357340881735,0.5365239400000001,6.481107682032578,173.5099316760329,3.2374766531485077,67.35029354207451,4.852670926331567,87.59295496673221,5.154678617151418,164.0070680780204,6.975413591262127,153.67783367200715,6.690797954278399,176.19914309883825,0.0,0.0,0.0,0.0,0.0,0.0,0.0,0.0,0.0,0.0,2.0,0.0,1.0,0.0,0.0,1.0,"2021-04-09, 15:32:00",0.0,CAN,56,1874,450
48.90170999999999,-126.30106406597615,126.81017612524461,8.4,1617984240.0,2663.0000000000005,2827.965576,16821130922.97522,99.0,4.0,1.0,2021.0,4.0,9.0,16.0,6.4300357340881735,0.5365239400000001,6.4877795146678325,173.48785190218018,3.3567521087908214,88.06262230919782,4.7907219357800175,77.26027399608638,5.136542148092513,163.55851569933347,7.041247611037701,153.71062884639053,6.661116159712338,175.59026645533496,0.0,0.0,0.0,0.0,0.0,0.0,0.0,0.0,0.0,0.0,2.0,0.0,1.0,0.0,0.0,1.0,"2021-04-09, 16:04:00",0.0,CAN,56,1874,450
48.804970000000004,-126.33231190405026,49.31506849315068,8.9,1617987540.0,2652.0000000000005,2820.504639,16821130922.97522,99.0,4.0,1.0,2021.0,4.0,9.0,16.0,6.4300357340881735,0.5365239400000001,6.497130931387651,172.82893910349438,3.433429187418023,80.45401174168313,4.993088638454911,80.45401174168327,5.365576341754891,162.31294866793476,7.1325175015668565,151.80851303159173,6.687939445921949,174.9230584806736,0.0,0.0,0.0,0.0,0.0,0.0,0.0,0.0,0.0,0.0,2.0,0.0,1.0,0.0,0.0,1.0,"2021-04-09, 16:59:00",0.0,CAN,56,1874,450
48.81166999999999,-126.28938356420407,92.9941291585127,8.0,1617988260.0,2653.0,2819.5922849999997,16821130922.97522,99.0,4.0,1.0,2021.0,4.0,9.0,17.0,6.4300357340881735,0.5365239400000001,6.501428011829222,172.53496717160434,3.5186259414482466,78.76320939334654,4.986893739399756,82.54403133463826,5.329212827818938,160.17043812559413,7.127177516468941,151.31828285244848,6.7390314203503685,174.73435319296382,0.0,0.0,0.0,0.0,0.0,0.0,0.0,0.0,0.0,0.0,2.0,0.0,1.0,0.0,0.0,1.0,"2021-04-09, 17:11:00",0.0,CAN,56,1874,450
48.77133,-126.18286138137643,62.70058708414872,9.6,1617990720.0,2650.0,2811.1521,16821130922.97522,99.0,4.0,1.0,2021.0,4.0,9.0,17.0,6.4300357340881735,0.5365239400000001,6.514402522767629,171.99852754911433,3.654940747896605,86.51272015655594,5.25533936491664,76.08610567514704,5.314443647066841,152.83580857278733,7.351260648990562,152.06589605192923,6.7536888806967985,173.48085846476235,0.0,0.0,0.0,0.0,0.0,0.0,0.0,0.0,0.0,0.0,2.0,0.0,1.0,0.0,0.0,1.0,"2021-04-09, 17:52:00",0.0,CAN,56,1874,450
